旭浜駅,あさひはまえき
芦川駅,あしかわえき
赤岩駅,あかいわえき
浅岸駅,あさぎしえき
愛知駅,あいちえき
愛岐駅,あいぎえき
旭ヶ岡駅,あさひがおかえき
敦盛塚駅,あつもりづかえき
安芸山本駅,あきやまもとえき
太田川橋東詰停留場,おおたがわばしひがしづめていりゅうじょう
阿波市場駅,あわいちばえき
金磯駅,かないそえき
入江町停留場,いりえまちていりゅうじょう
起行駅,きぎょうえき
猪苗代湖畔駅,いなわしろこはんえき
菊水山駅,きくすいやまえき
堂平駅,どうだいらえき
水根駅,みずねえき
愛冠駅,あいかっぷえき
愛国駅,あいこくえき
明石町駅,あかしちょうえき
阿寒駅,あかんえき
浅茅野駅,あさじのえき
旭駅,あさひえき
朝日駅,あさひえき
旭岡駅,あさひおかえき
旭ヶ丘駅,あさひがおかえき
旭通仮乗降場,あさひどおりかりじょうこうじょう
旭町駅,あさひまちえき
芦野駅,あしのえき
足寄駅,あしょろえき
阿分駅,あふんえき
以久科駅,いくしなえき
幾春別駅,いくしゅんべつえき
石狩追分駅,いしかりおいわけえき
石狩橋本駅,いしかりはしもとえき
石坂駅,いしざかえき
泉川駅,いずみかわえき
一ノ橋駅,いちのはしえき
一本松駅,いっぽんまつえき
一本松駅,いっぽんまつえき
渭ノ津駅,いのつえき
今金駅,いまがねえき
入鹿別駅,いるかさわえき
色内仮乗降場,いろないかりじょうこうじょう
岩知志駅,いわちしえき
岩内駅,いわないえき
宇遠内駅,うえんないえき
雨煙別駅,うえんべつえき
上平駅,うえひらえき
臼谷駅,うすやえき
鶉駅,うずらえき
歌越駅,うたこしえき
歌志内駅,うたしないえき
宇津駅,うつえき
宇津内仮乗降場,うつないかりじょうこうじょう
卯原内駅,うばらないえき
宇摩駅,うまえき
瓜幕駅,うりまくえき
雨竜駅,うりゅうえき
営林署前駅,えいりんしょまええき
江差駅,えさしえき
遠別駅,えんべつえき
遠幌駅,えんほろえき
大椴駅,おおとどえき
大野新道停留場,おおのしんどうていりゅうじょう
大曲仮乗降場,おおまがりかりじょうこうじょう
大曲仮乗降場,おおまがりかりじょうこうじょう
大森駅,おおもりえき
大谷地駅,おおやちえき
大夕張駅,おおゆうばりえき
大夕張炭山駅,おおゆうばりたんざんえき
岡女堂駅,おかめどうえき
興津仮乗降場,おこつかりじょうこうじょう
奥東仮乗降場,おくひがしかりじょうこうじょう
奥行臼駅,おくゆきうすえき
置戸駅,おけとえき
興部駅,おこっぺえき
渡島吉岡駅,おしまよしおかえき
渡島大沢駅,おしまおおさわえき
渡島知内駅,おしましりうちえき
渡島鶴岡駅,おしまつるおかえき
渡島福島駅,おしまふくしまえき
音更駅,おとふけえき
鬼鹿駅,おにしかえき
鬼志別駅,おにしべつえき
小平駅,おびらえき
雄武駅,おむえき
雄武共栄仮乗降場,おむきょうえいかりじょうこうじょう
大誉地駅,およちえき
及部駅,およべえき
重内駅,おもないえき
恩根駅,おんねえき
開栄駅,かいえいえき
海岸町停留場,かいがんちょうていりゅうじょう
開盛駅,かいせいえき
開拓仮乗降場,かいたくかりじょうこうじょう
楓駅,かえでえき
角田駅,かくたえき
歌神駅,かしんえき
春日駅,かすがえき
ガス会社前停留場,がすがいしゃまえていりゅうじょう
活汲駅,かっくみえき
桂岡駅,かつらおかえき
樺岡駅,かばおかえき
上厚真駅,かみあつまえき
上音威子府駅,かみおといねっぷえき
上江別駅,かみえべつえき
神丘駅,かみおかえき
上興部駅,かみおこっぺえき
上駒駅,かみこまえき
上更別駅,かみさらべつえき
上志文駅,かみしぶんえき
上士別駅,かみしべつえき
上士幌駅,かみしほろえき
上春別駅,かみしゅんべつえき
上渚滑駅,かみしょこつえき
上白糠駅,かみしらぬかえき
上砂川駅,かみすながわえき
上多度志駅,かみたどしえき
上茶路駅,かみちゃろえき
上常呂駅,かみところえき
上利別駅,かみとしべつえき
上徳富駅,かみとっぷえき
上頓別駅,かみとんべつえき
上長和駅,かみながわえき
上名寄駅,かみなよろえき
上ノ国駅,かみのくにえき
上美幌駅,かみびほろ
上幌加内駅,かみほろかないえき
上武佐駅,かみむさえき
上湧別駅,かみゆうべつえき
神威駅,かもいえき
亀田町停留場,かめだちょうていりゅうじょう
萱野駅,かやのえき
我路駅,がろえき
川上駅,かわかみえき
川北駅,かわきたえき
川西駅,かわにしえき
干拓仮乗降場,かんたくかりじょうこうじょう
寒別駅,かんべつえき
北愛国駅,きたあいこくえき
北遠軽駅,きたえんがるえき
北岡駅,きたおかえき
北上徳富駅,きたかみとっぷえき
北川口駅,きたかわぐちえき
北笹川駅,きたささかわえき
北鈴川駅,きたすずかわえき
北住吉駅,きたすみよしえき
北園駅,きたぞのえき
北長沼駅,きたながぬまえき
北檜山駅,きたひやまえき
北埠頭駅,きたふとうえき
北平和駅,きたへいわえき
北松田駅,きたまつだえき
北見相生駅,きたみあいおいえき
北見枝幸駅,きたみえさしえき
北見共立駅,きたみきょうりつえき
北見滝ノ上駅,きたみたきのうええき
北見富丘駅,きたみとみおかえき
北見平和駅,きたみへいわえき
北母子里駅,きたもしりえき
北湯沢駅,きたゆざわえき
木野駅,きのえき
岐阜橋駅,ぎふはしえき
喜茂別駅,きもべつえき
共栄駅,きょうえいえき
共栄仮乗降場,きょうえいかりじょうこうじょう
京極駅,きょうごくえき
共進駅,きょうしんえき
共成駅,きょうせいえき
協和駅,きょうわえき
屈足駅,くったりえき
国富駅,くにとみえき
久保内駅,くぼないえき
熊牛駅,くまうしえき
黒石平駅,くろいしだいらえき
訓子府駅,くんねっぷえき
薫別駅,くんべつえき
恵北駅,けいほくえき
啓明仮乗降場,けいめいかりじょうこうじょう
計根別駅,けねべつえき
計呂地駅,けろちえき
小石駅,こいしえき
礦業所前駅,こうぎょうしょまええき
高校前仮乗降場,こうこうまえかりじょうこうじょう
光進駅,こうしんえき
興生沢仮乗降場,こうせいざわかりじょうこうじょう
弘道駅,こうどうえき
港南駅,こうなんえき
幸福駅,こうふくえき
港南駅,こうほくえき
声問駅,こえといえき
五鹿山仮乗降場,ごかざんかりじょうこうじょう
五ヶ山駅,ごかやまえき
越川駅,こしかわえき
古潭駅,こたんえき
古丹別駅,こたんべつえき
寿駅,ことぶきえき
湖畔駅,こはんえき
駒場駅,こまばえき
小向駅,こむかいえき
栄駅,さかええき
栄丘駅,さかえおかえき
栄町駅,さかえまちえき
栄町停留場,さかえまちていりゅうじょう
境野駅,さかいのえき
作返仮乗降場,さくかえしかりじょうこうじょう
桜田駅,さくらだえき
笹森駅,ささもりえき
札幌市場駅,さっぽろしじょうえき
佐幌駅,さほろえき
様舞駅,さままいえき
更岸駅,さらきしえき
更別駅,さらべつえき
猿払駅,さるふつえき
沙留駅,さるるえき
佐呂間駅,さろまえき
沢木駅,さわきえき
参郷駅,さんごうえき
三泊駅,さんとまりえき
自衛隊前駅,じえいたいまええき
塩幌駅,しおほろえき
潮見町駅,しおみちょうえき
鹿追駅,しかおいえき
四号線駅,しごうせんえき
静川駅,しずかわえき
志撫子仮乗降場,しぶしかりじょうこうじょう
士幌駅,しほろえき
清水谷駅,しみずたにえき
下鶉駅,しもうずらえき
下川駅,しもかわえき
下越川駅,しもこしかわえき
下渚滑駅,しもしょこつえき
下頓別駅,しもとんべつえき
下の月駅,しものつきえき
下北進駅,しもほくしんえき
下幌成駅,しもほろなりえき
尺別炭山駅,しゃくべつたんざんえき
舎熊駅,しゃぐまえき
社尺別駅,しゃしゃくべつえき
斜内駅,しゃないえき
十六号線仮乗降場,じゅうろくごうせんかりじょうこうじょう
シューパロ湖駅,しゅーぱろこえき
周磨駅,しゅうまろえき
十四号仮乗降場,じゅうよんごうかりじょうこうじょう
十六号仮乗降場,じゅうろくごうかりじょうこうじょう
朱鞠内駅,しゅまりないえき
朱文別駅,しゅもんべつえき
春別駅,しゅんべつえき
上東仮乗降場,じょうとうかりじょうこうじょう
小利別駅,しょうとしべつえき
小頓別駅,しょうとんべつえき
渚滑駅,しょこつえき
初山別駅,しょさんべつえき
白樺駅,しらかばえき
白符駅,しらふえき
新大滝駅,しんおおたきえき
新釧路駅,しんくしろえき
新士幌仮乗降場,しんしほろかりじょうこうじょう
新清水沢駅,しんしみずさわえき
新尺別駅,しんしゃくべつえき
新生駅,しんせいえき
新世橋前駅,しんせいばしまええき
新苫小牧駅,しんとまこまいえき
新富駅,しんとみえき
新成生駅,しんなりうえき
新二岐駅,しんふたまたえき
新幌内駅,しんほろないえき
神明駅,しんめいえき
新弥生駅,しんやよいえき
新雄別駅,しんゆうべつえき
末広駅 ,すえひろえき
澄川駅,すみかわえき
西武テーオー前停留場,せいぶてーおーまえていりゅうじょう
政和駅,せいわえき
政和温泉駅,せいわおんせんえき
石油埠頭駅,せきゆふとうえき
瀬越駅,せごしえき
瀬棚駅,せたなえき
千軒駅,せんけんえき
仙美里駅,せんびりえき
千松仮乗降場,せんまつかりじょうこうじょう
壮瞥駅,そうべつえき
添牛内駅,そえうしないえき
大樹駅,たいきえき
大正駅,たいしょうえき
大昭仮乗降場,たいしょうかりじょうこうじょう
高島駅,たかしまえき
鷹泊駅,たかどまりえき
滝ノ下駅,たきのしたえき
種川駅,たねかわえき
達美仮乗降場,たつみかりじょうこうじょう
多度志駅,たどしえき
多和駅,たわえき
築別駅,ちくべつえき
千年町駅,ちとせまちえき
茶屋川駅,ちゃやがわえき
茶路駅,ちゃろえき
中央農試前駅,ちゅうおうのうしまえ
忠類駅,ちゅうるいえき
知来駅,ちらいえき
津別駅,つべつえき
月寒駅,つきさっぷえき
継立駅,つぎたてえき
鶴野駅,つるのえき
天塩駅,てしおえき
天塩有明駅,てしおありあけえき
天塩大沢駅,てしおおおさわえき
天塩金浦駅,てしおかなうらえき
天塩栄駅,てしおさかええき
天塩弥生駅,てしおやよいえき
鉄道工場前停留場,てつどうこうじょうまえていりゅうじょう
手宮駅,てみやえき
電力所前仮乗降場,でんりょくしょまえかりじょうこうじょう
問牧駅,といまきえき
当幌駅,とうほろえき
唐松駅,とうまつえき
東明駅,とうめいえき
十勝東和駅,とかちとうわえき
十勝三股駅,とかちみつまたえき
常盤駅,ときわえき
常盤台駅,ときわだいえき
床丹駅,とこたんえき
常呂駅,ところえき
常呂港仮乗降場,ところこうかりじょうこうじょう
土佐仮乗降場,とさかりじょうこうじょう
苫前駅,とままええき
富丘駅,とみおかえき
富岡仮乗降場,とみおかかりじょうこうじょう
豊泉駅,とよいずみえき
豊牛駅,とようしえき
豊岬駅,とよさきえき
豊城駅,とよしろえき
豊住駅,とよずみえき
豊田駅,とよたえき
豊野駅,とよのえき
豊似駅,とよにえき
豊浜仮乗降場,とよはまかりじょうこうじょう
豊平駅,とよひらえき
豊幌仮乗降場 ,とよほろかりじょうこうじょう
頓別仮乗降場,とんべつかりじょうこうしょ
中瓜幕駅,なかうりまくえき
中雨竜仮乗降場,なかうりゅうかりじょうこうじょう
中興部駅,なかおこっぺえき
中音更駅,なかおとふけえき
中川口仮乗降場,なかかわぐちかりじょうこうじょう
中札内駅,なかさつないえき
中鹿追駅,なかしかおいえき
中標津駅,なかしべつえき
中士幌駅,なかしほろえき
中渚滑駅,なかしょこつえき
中須田駅,なかすだえき
中園駅,なかぞのえき
中頓別駅,なかとんべつえき
中名寄駅,なかなよろえき
中ノ岱駅,なかのたいえき
中能取仮乗降場,なかのとろかりじょうこうじょう
中湧別駅,なかゆうべつえき
南幌駅,なんぽろえき
仁宇布駅,にうぷえき
新内駅,にいないえき
仁倉駅,にくらえき
濁川駅,にごりかわえき
西一線駅,にしいっせんえき
西歌駅,にしうたえき
西興部駅,にしおこっぺえき
錦沢駅,にしきざわえき
西訓子府駅,にしくんねっぷえき
西港駅,にしこうえき
西春別駅,にししゅんべつえき
西富駅,にしとみえき
西名寄駅,にしなよろえき
西二線仮乗降場,にしにせんかりじょうこうじょう
西前田駅,にしまえだえき
仁世宇駅,にせうえき
二ノ橋駅,にのはしえき
丹羽駅,にわえき
縫別駅,ぬいべつえき
糠平駅,ぬかびらえき
糠平ダム仮乗降場,ぬかびらだむかりじょうこうじょう
沼牛駅,ぬまうしえき
沼川駅,ぬまかわえき
沼ノ上駅,ぬまのうええき
根室標津駅,ねむろしべつえき
農場前駅,のうじょうまええき
野塚駅,のつかえき
能取駅,のとろえき
信砂駅,のぶしやえき
登川駅,のぼりかわえき
萩ヶ岡駅,はぎがおかえき
箸別駅,はしべつえき
八幡前駅,はちまんまええき
花石駅,はないしえき
花岡仮乗降場,はなおかかりじょうこうじょう
羽幌駅,はぼろえき
浜佐呂間駅,はまさろまえき
浜床丹仮乗降場,はまとこたんかりじょうこうじょう
浜頓別駅,はまとんべつえき
芭露駅,ばろうえき
芭呂沢駅,ばろうさわえき
班渓駅,ぱんけえき
蟠渓駅,ばんけいえき
晩翠駅,ばんすいえき
盤の沢駅,ばんのさわえき
番屋ノ沢仮乗降場,ばんやのさわかりじょうこうじょう
東鶉駅,ひがしうずらえき
東瓜幕駅,ひがしうりまくえき
東京極駅,ひがしきょうごくえき
東声問駅,ひがしこえといえき
東札幌駅,ひがしさっぽろえき
東美深駅,ひがしびふかえき
飛行場前駅,ひこうじょうまええき
日高岩内駅,ひだかいわないえき
日高町駅,ひだかちょうえき
日高三岡駅,ひだかみつおかえき
日ノ出駅,ひのでえき
美唄炭山駅,びばいたんざんえき
平糸駅,ひらいとえき
美利河駅,ぴりかえき
広尾駅,ひろおえき
広郷駅,ひろさとえき
敏音知駅,ぴんねしりえき
深牛駅,ふかうしえき
布川駅,ふかわえき
蕗ノ台駅,ふきのだいえき
福島仮乗降場,ふくしまかりじょうこうじょう
双葉駅,ふたばえき
二見ヶ岡駅,ふたみがおかえき
二見中央仮乗降場,ふたみちゅうおうかりじょうこうじょう
振老駅,ふらおいえき
振内駅,ふれないえき
分線駅,ぶんせんえき
平和駅,へいわえき
別海駅,べっかいえき
辺渓駅,ぺんけえき
北進駅,ほくしんえき
北斗駅,ほくとえき
北湧駅,ほくゆうえき
北竜駅,ほくりゅうえき
北海鋼機前駅,ほっかいこうきまえ
北興駅,ほっこうえき
北光社駅,ほっこうしゃえき
穂波駅,ほなみえき
穂別駅,ほべつえき
幌加駅,ほろかえき
幌加内駅,ほろかないえき
幌毛志駅,ほろけしえき
幌内駅,ほろないえき
幌内住吉駅,ほろないすみよしえき
幌成駅,ほろなりえき
幌似駅,ほろにえき
本岐駅,ほんきえき
本別駅,ほんべつえき
前田駅,まえだえき
曲淵駅,まがりぶちえき
増毛駅,ましけえき
真澄町駅,ますみちょうえき
松音知駅,まつねしりえき
松前駅,まつまええき
丸松駅,まるまつえき
円山駅,まるやまえき
万字駅,まんじえき
万字炭山駅,まんじたんざんえき
万代町停留場,まんだいちょうていりゅうじょう
三笠駅,みかさえき
御園駅,みそのえき
南雨竜仮乗降場,みなみうりゅうかりじょうこうじょう
南大夕張駅,みなみおおゆうばりえき
南京極駅,みなみきょうごくえき
南新得駅,みなみしんとくえき
南美唄駅,みなみびばいえき
南本別駅,みなみほんべつえき
宮越駅,みやこしえき
宮前町停留場,みやまえちょうていりゅうじょう
美流渡駅,みるとえき
武儀駅,むぎえき
恵野駅,めぐみのえき
目梨泊駅,めなしどまりえき
元沢木仮乗降場,もとさわきかりじょうこうじょう
元西仮乗降場,もとにしかりじょうこうじょう
元紋別駅,もともんべつえき
紅葉橋仮乗降場,もみじばしかりじょうこうじょう
森越駅,もりこしえき
文珠駅,もんじゅえき
紋別駅,もんべつえき
焼山駅,やけやまえき
安別駅,やすべつえき
梁川町停留場,やながわちょうていりゅうじょう
矢文駅,やぶみえき
山臼仮乗降場,やまうすかりじょうこうじょう
山軽駅,やまがるえき
山花駅,やまはなえき
弥生駅 (北海道),やよいえき
和駅,やわらえき
夕製前駅,ゆうせいまええき
勇足駅,ゆうたりえき
雄鎮内仮乗降場,ゆうちんないかりじょうこうじょう
雄鉄昭和駅,ゆうてつしょうわえき
優徳駅,ゆうとくえき
夕張本町駅,ゆうばりほんちょうえき
湧別駅,ゆうべつえき
雄別炭山駅,ゆうべつたんざんえき
幸成駅,ゆきなりえき
湯の里駅,ゆのさとえき
湯ノ岱駅,ゆのたいえき
吉堀駅,よしぼりえき
依田駅,よだえき
力昼駅,りきびるえき
陸別駅,りくべつえき
留産駅,るさんえき
礼受駅,れうけえき
労働会館前停留場,ろうどうかいかんまえていりゅうじょう
六郷駅,ろくごうえき
六興駅,ろっこうえき
若里仮乗降場,わかさとかりじょうこうじょう
若菜駅,わかなえき
若松町停留場,わかまつちょうていりゅうじょう
脇方駅,わきかたえき
会津加納駅,あいづかのうえき
会津下館駅,あいづしもだてえき
会津村松駅,あいづむらまつえき
浅内駅,あさないえき
熱塩駅,あつしおえき
荒町駅 (宮城県),あらまちえき
安丹駅,あんたんえき
一番町郵便局前駅,いちばんちょうゆびんきょくまええき
五ツ橋駅,いつつばしえき
岩泉駅,いわいずみえき
岩手大川駅,いわておおかわえき
岩手刈屋駅,いわてかりやえき
岩手和井内駅,いわてわいないえき
鶯沢駅,うぐいすざわえき
鶯沢工業高校前駅,うぐいすざわこうぎょうこうこうまええき
後平駅,うしろたいえき
宇津野駅,うつのえき
浦町駅,うらまちえき
営農大学校前駅,えいのうだいがっこうまええき
海老川駅,えびかわえき
大岡駅,おおおかえき
大岡小前駅,おおかしょうまええき
大畑駅,おおはたえき
押角駅,おしかどえき
小名浜埠頭駅,おなはまふとうえき
大曲駅,おおまがりえき
尾松駅,おまつえき
花京院駅,かきょういんえき
篭谷駅,かごやえき
樺山駅,かばやまえき
上三宮駅,かみさんみやえき
川代駅,かわだいえき
北大山駅,きたおおやまえき
北里大学前駅,きたさとだいがくまええき
京田駅,きょうでんえき
栗駒駅,くりこまえき
栗原田町駅,くりはらたまちえき
工業高校前駅,こうぎょうこうこうまええき
小坂駅,こさかえき
小雪沢駅,こゆきさわえき
沢辺駅,さわべえき
三農校前駅,さんのうこうまええき
自衛隊前駅,じえいたいまええき
塩釜埠頭駅,しおがまふとうえき
茂内駅,しげないえき
七戸駅,しちのへえき
七百駅,しちひゃくえき
将軍野駅,しょうぐんのえき
正津川駅,しょうづがわえき
白岩駅,しらいわえき
新沢駅,しんさわえき
杉橋駅,すぎはしえき
仙台駅前駅,せんだいえきまええき
善宝寺駅,ぜんぽうじえき
大学病院前駅,だいがくびょういんまええき
岱野駅,たいのえき
高清水駅,たかしずえき
田名部駅,たなぶえき
玉川口駅,たまがわぐちえき
中央一丁目駅,ちゅうおういっちょうめえき
中央三丁目駅,ちゅうおうさんちょうめえき
津久毛駅,つくもえき
土崎駅,つちざきえき
坪駅,つぼえき
坪川駅,つぼかわえき
天間林駅,てんまばやしえき
通町駅,とおりちょうえき
鳥矢崎駅,とやさきえき
十和田市駅,とわだしえき
長木沢駅,ながきさわえき
中里駅,なかさとえき
中野駅,なかのえき
七窪駅,ななくぼえき
浪打駅,なみうちえき
錦町駅,にしきちょうえき
西千曳駅,にしちびきえき
西馬音内駅,にしもないえき
二升石駅,にしょういしえき
橋場駅,はしばえき） ※公式には休止だが事実上廃駅
花岡駅,はなおかえき
東岱野駅,ひがしたいのえき
東渚駅,ひがしなぎさえき
ひがし野団地駅,ひがしのだんちえき
深沢駅,ふかさわえき
藤原駅,ふじわらえき
二日町駅,ふつかまちえき
船川港駅,ふながわみなとえき
古里駅,ふるさとえき
古館駅,ふるだてえき
細倉マインパーク前駅,ほそくらマインパークまええき
前田屋敷駅,まえだやしきえき
間沢駅,まざわえき
松峯駅,まつみねえき
道ノ上駅,みちのかみえき
湊駅,みなとえき
南宮下駅,みなみみやしたえき
陸奥関根駅,むつせきねえき
茂内駅,しげないえき
盛田牧場前駅,もりたぼくじょうまええき
谷地畑駅,やちはたえき
柳沢駅,やなぎさわえき
雪沢温泉駅,ゆきさわおんせんえき
湯野浜温泉駅,ゆのはまおんせんえき
若柳駅,わかやなぎえき
相生町駅,あいおいちょうえき
足尾本山駅,あしおほんざんえき
安比奈駅,あひなえき、西武安比奈線
雨引駅,あまびきえき
鮎川駅,あゆかわえき
新生駅,あらおいえき
荒生駅,あらおいえき
荒川橋駅,あらかわばしえき
石岡南台駅,いしおかみなみだいえき
泉町駅,いずみちょうえき
一色駅,いっしきえき
今諏訪駅,いますわえき
入江崎駅,いりえざきえき
海神奈川駅,うみかながわえき
榎駅,えのきえき
榎本駅,えのきもとえき
大久野駅,おおぐのえき
大竹駅,おおたけえき
太子駅,おおしえき
大田原駅,おおたわらえき
大成駅,おおなりえき
大沼駅,おおぬまえき
大橋駅,おおはしえき
大幡駅,おおはたえき
小笠原駅,おがさわらえき
小笠原下町駅,おがさわらしもまちえき
小川高校下駅,おがわこうこうしたえき
奥野駅,おくのえき
小沢駅,おざわえき
大森停車場駅,おほもりていしゃじょうえき
表高島駅,おもてたかしまえき
甲斐青柳駅,かいあおやぎえき
甲斐飯野駅,かいいいのえき
甲斐大井駅,かいおおいえき
上総片貝駅,かずさかたかいえき
学校前駅,がっこうまええき
家徳駅,かとくえき
神奈川駅,かながわえき
樺穂駅,かばほえき
上石田駅,かみいしだえき
上井ノ口駅,かみいのくちえき
上大島駅,かみおおしまえき
柄堀駅,からほりえき
借宿前駅,かりやどまええき
川中子駅,かわなかごえき
河原子駅,かわらごえき
貢川駅,くがわえき
草木駅,くさきえき
久慈浜駅,くじはまえき
熊ノ平駅,くまのたいらえき
グラントハイツ駅,グラントハイツえき
黒羽駅,くろばねえき
警察署前駅,けいさつしょまええき
京成玉ノ井駅,けいせいたまのいえき
県会議事堂前駅,けんかいぎじどうまええき
県庁前駅,けんちょうまええき
幸岡駅,こうおかえき
甲府駅前駅,こうふえきまええき
寿町駅,ことぶきちょうえき
駒ヶ岳頂上駅,こまがたけちょうじょうえき
駒ヶ岳登り口駅,こまがたけのぼりぐちえき
巨摩高校前駅,こまこうこうまええき
在家塚駅,ざいけづかえき
坂田駅,さかたえき
坂戸駅,さかどえき
桜川駅,さくらがわえき
桜本駅,さくらもとえき
三里塚駅,さんりづかえき
汐留駅,しおどめえき
塩浜駅,しおはまえき
四箇村駅,しかむらえき
芝浦駅,しばうらえき
下井ノ口駅,しもいのくちえき
下総吉田駅,しもうさよしだえき
常北太田駅,じょうほくおおたえき
食品北駅,しょくひんきたえき
食品南駅,しょくひんみなみえき
白鬚駅,しらひげえき
新奥沢駅,しんおくさわえき
新小田原駅,しんおだわらえき
新高浜駅,しんたかはまえき
新土浦駅,しんつちうらえき
諏訪分駅,すわぶんえき
仙石河岸駅,せんごくかしえき
倉庫町駅,そうこまちえき
大高前駅,だいこうまええき
第二高校前駅,だいにこうこうまええき
台町駅,だいまちえき
多古駅,たこえき
多摩御陵前駅,たまごりょうまええき
玉造町駅,たまつくりまちえき
玉生駅,たまにゅうえき
玉幡駅,たまはたえき
玉里駅,たまりえき
千代田駅,ちよだえき
筑波駅,つくばえき
鶴見川口駅,つるみかわぐちえき
天頂駅,てんちょうえき
東京競馬場前駅,とうきょうけいばじょうまええき
東京市場駅,とうきょうしじょうえき
徳行駅,とくぎょうえき
巴川駅,ともえがわえき
ドリームランド駅,ドリームランドえき
長浦駅,ながうらえき
中里駅,なかざとえき
長沢駅,ながさわえき
長沢新町駅,ながさわしんまちえき
西駅,にしえき
西寒川駅,にしさむかわえき
西成田駅,にしなりたえき
西野駅,にしのえき
西船生駅,にしふにゅうえき
練馬倉庫駅,ねりまそうこえき
農林高校前駅,のうりんこうこうまええき
乃木神社前駅,のぎじんじゃまええき
秦野駅,はだのえき
浜駅,はまえき
浜安善駅,はまあんぜんえき
荊沢駅,ばらさわえき
東田中駅,ひがしたなかえき
東成田駅,ひがしなりたえき
東横浜駅,ひがしよこはまえき
常陸岡田駅,ひたちおかだえき
常陸小川駅,ひたちおがわえき
常陸藤沢駅,ひたちふじさわえき
常陸北条駅,ひたちほうじょうえき
藤崎台駅,ふじさきだいえき
船生駅,ふにゅうえき
古市場駅,ふるいちばえき
鉾田駅,ほこたえき
堀上駅,ほりあげえき
真壁駅,まかべえき
真中駅,まなかえき
水木駅,みずきえき
瑞穂駅,みずほえき
南高野駅,みなみこうやえき
向ヶ丘遊園正門駅,むこうがおかゆうえんせいもんえき
武蔵岩井駅,むさしいわいえき
武蔵野競技場前駅,むさしのきょうぎじょうまええき
武蔵横山駅,むさしよこやまえき
虫掛駅,むしかけえき
妻沼駅,めぬまえき
茂宮駅,もみやえき
桃浦駅,ももうらえき
桃園駅,ももぞのえき
八木蒔駅,やきまきえき
遊園地前駅,ゆうえんちまええき
ユネスコ村駅,ゆねすこむらえき
横浜市場駅,よこはましじょうえき
横浜港駅,よこはまみなとえき
芦場駅,よしばえき
会染駅,あいそめえき
相羽駅,あいばえき
青木駅,あおきえき
赤石駅,あかいしえき
赤岩駅,あかいわえき
赤谷駅,あかたにえき
赤土坂駅,あかつちさかえき
阿漕浦駅,あこぎうらえき
浅野駅,あさのえき
旭町駅,あさひまちえき
浅間温泉駅,あさまおんせんえき
味方駅,あじかたえき
味方中学前駅,あじかたちゅうがくまええき
麻生駅,あそうえき
甘田駅,あまだえき
雨宮駅,あめのみやえき
新家工業前駅,あらやこうぎょうまええき
粟ヶ崎海岸駅,あわがさきかいがんえき
粟津温泉駅,あわづおんせんえき
飯田駅,いいだえき
石神駅,いしがみえき
石舟駅,いしふねえき
五十公野駅,いじみのえき
伊勢八王子駅,いせはちおうじえき
伊勢山駅,いせやまえき
板井駅,いたいえき
市之枝駅,いちのえだえき
市之倉口駅,いちのくらぐちえき
市ノ坪駅,いちのつぼえき
市野々駅,いちののえき
市橋駅,いちはしえき
稲富駅,いなとみえき
井波駅,いなみえき
伊奈波通駅,いなばどおりえき
稲荷堂駅,いなりどうえき
稲荷橋駅,いなりばしえき
犬間駅,いぬまえき
井上駅,いのうええき
今泉駅,いまいずみえき
岩下駅,いわしたえき
岩田駅,いわたえき
岩田坂駅,いわたざかえき
岩野駅,いわのえき
岩本駅,いわもとえき
印田駅,いんでんえき
上田花園駅,うえだはなぞのえき
上田東駅,うえだひがしえき
上戸駅,うえどえき
鵜飼駅,うかいえき
鵜飼屋駅 ,うかいやえき
鵜川駅,うかわえき
鵜川遊泉寺駅,うがわゆうせんじえき
宇出津駅,うしつえき
鵜島駅,うしまえき
打越駅,うちこしえき
畝田駅,うねだえき
漆山駅,うるしやまえき
宇和野駅,うわのえき
上堀駅,うわぼりえき
運動場前駅,うんどうじょうまええき
永平寺駅,えいへいじえき
EXPOドーム駅,エキスポドームえき
越後大崎駅,えちごおおさきえき
越後大野駅,えちごおおのえき
越後関原駅,えちごせきはらえき
越後長沢駅,えちごながさわえき
越前平井駅,えちぜんへいいえき
恵那峡口駅,えなきょうぐちえき
江波駅,えなみえき
遠州馬込駅,えんしゅうまごめえき
王寺川駅,おうじがわえき
小浦駅,おうらえき
大井川駅,おおいがわえき
大井ダム駅,おおいダムえき
大浦駅,おおうらえき
大加島仮乗降場,おおかしまかりじょうこうじょう
大桐駅,おおぎりえき
大笹駅,おおざさえき
大須駅,おおすえき
大津町駅,おおつまちえき
大手駅,おおてえき
太田浜駅,おおたはまえき
大野港駅,おおのみなとえき
大室駅,おおむろえき
沖駅,おきえき
沖波駅,おきなみえき
奥飛騨温泉口駅,おくひだおんせんぐちえき
奥屋駅,おくやえき
起駅,おこしえき
長村駅,おさむらえき
押切町駅,おしきりちょうえき
大島駅,おしまえき
織田駅,おたえき
小屋名駅,おやなえき
折戸駅,おりどえき
下石駅,おろしえき
尾張三条駅,おわりさんじょうえき
尾張中島駅,おわりなかしまえき
加賀一の宮駅,かがいちのみやえき
加賀岩内駅,かがいわうちえき
加賀佐野駅,かがさのえき
鏡島駅,かがしまえき
加賀福岡駅,かがふくおかえき
加賀八幡駅,かがやわたえき
鍵屋駅,かぎやえき
楽田原駅,がくでんはらえき
笠原駅,かさはらはらえき
樫津駅,かしづえき
柏木駅,かしわぎえき
片貝駅,かたかいえき
片山津駅,かたやまづえき
片山津本町駅,かたやまづもとまちえき
学校前駅,がっこうまええき
春日井口駅,かすがいぐちえき
金井山駅,かないやまえき
金石駅,かないわえき
金園町九丁目駅,かなぞのちょうきゅうちょうめえき
金園町四丁目駅,かなぞのちょうよんちょうめえき
鹿波駅,かなみえき
兼山駅,かねやまえき
兼山口駅,かねやまぐちえき
甲駅,かぶとえき
上芥見駅,かみあくたみえき
神岡大橋駅,かみおかおおはしえき
神岡鉱山前駅,かみおかこうざんまええき
上開発駅,かみかいほつえき
上組駅,かみぐみえき
神科駅,かみしなえき
上新町駅,かみしんまちえき
上末駅,かみすええき
上大門駅,かみだいもんえき
上苗木駅,かみなえきえき
上長瀬駅,かみながせえき
上丸子駅,かみまるこえき
上与板駅,かみよいたえき
上吉田駅,かみよしだえき
萱場駅,かやばえき
香良洲駅,からすえき
軽海駅,かるみえき
川去駅,かわさりえき
川根唐沢駅,かわねからさわえき
川端駅,かわばたえき
河南駅,かわみなみえき
河原町駅,かわらまちえき
川原柳駅,かわらやぎえき
神川駅,かんがわえき
木島駅,きじまえき
北池田駅,きたいけだえき
木曽川橋駅,きそがわばしえき
木曽川港駅,きそがわみなとえき
北一色駅,きたいしきえき
北大手駅,きたおおてえき
北上田駅,きたうえだえき
北方千歳町駅,きたがたちとせまちえき
北方東口駅,きたがたひがしぐちえき
北ゲート駅,きたゲートえき
北野畑駅,きたのばたえき
北町駅,きたまちえき
北本原駅,きたもとはらえき
岐阜駅前駅,ぎふえきまええき
岐阜柳ヶ瀬駅 ,ぎふやながせえき
木場駅,きばえき
京善駅,きょうぜんえき
清水駅,きよみずえき
金宝町駅,きんぽうちょうえき
金竜温泉駅,きんりゅうおんせんえき
草津温泉駅,くさつおんせんえき
九里川尻駅,くりかわしりえき
栗本駅,くりもとえき
黒埼中学前駅,くろさきちゅうがくまええき
黒瀬駅,くろせえき
黒野駅,くろのえき
黒野北口駅,くろのきたぐちえき
黒野西口駅,くろのにしぐちえき
桑名京橋駅,くわなきょうばしえき
桑原駅,くわばらえき
警察署前駅,けいさつしょまええき
京福大野駅,けいふくおおのえき
競輪場前駅,けいりんじょうまええき
玄向寺口駅,げんこうじくちえき
小池町駅,こいけまちえき
恋路駅,こいじえき
公園前駅,こうえんまええき
公園前駅,こうえんまええき
弘法口駅,こうぼうぐちえき
金町駅,こがねまちえき
小木駅,こぎえき
国府町駅,こくぶちょうえき
五間堂駅,ごけんどうえき
琴塚駅,ことづかえき
寿町駅,ことぶきちょうえき
小中川駅,こなかがわえき
小針駅,こばりえき
五郎丸駅,ごろうまるえき
小粟田駅,こわだえき
近ノ島駅,ごんのしまえき
米町駅,こんまちえき
権現崎駅,ごんげんざきえき
材木町駅 ,ざいもくちょうえき
栄谷駅,さかえだにえき
相良駅,さがらえき
桜橋駅,さくらばしえき
佐々木駅,ささきえき
佐々生駅,さそうえき
里小牧駅,さとこまきえき
真田駅,さなだえき
更地駅,さらぢえき
三善製紙前駅,さんぜんせいしまええき
山王駅,さんのうえき
三明駅,さんみょうえき
四ヶ郷駅,しかごうえき
志賀町駅,しかまちえき
静波駅,しずなみえき
枝下駅,しだれえき
七見駅,しちみえき
寺中駅,じちゅうえき
尻毛駅,しっけえき
自動車学校前駅,じどうしゃがっこうまええき
信濃石井駅,しなのいしいえき
信濃池田駅,しなのいけだえき
信濃川田駅,しなのかわだえき
信濃善光寺駅,しなのぜんこうじえき
信濃安田駅,しなのやすだえき
柴垣駅,しばがきえき
島々駅,しましまえき
清水駅,しみずえき
清水港駅,しみずみなとえき
清水埠頭駅,しみずふとうえき
市民会館前駅,しみんかいかんまえ
市民病院前駅,しみんびょういんまええき
下芥見駅,しもあくたみえき
下浅間駅,しもあさまえき
下粟津駅,しもあわづえき
下有知駅,しもうちえき
下江波駅,しもえなみえき
下方駅,しもがたえき
下滝呂駅,しもたきろえき
下付知駅,しもつけちえき
下長瀬駅,しもながせえき
下野駅,しものえき
下原下駅,しもはらしたえき
市役所前駅,しやくしょまええき
正院駅,しょういんえき
庄駅,しょうえき
庄学校前駅,しょうがっこうまええき
正専寺前駅,しょうせんじまええき
縄文真脇駅,じょうもんまわきえき
白菊町駅,しらぎくちょうえき
白鳥駅,しらとりえき
白神駅,しらなみえき
白金駅,しろかねえき
白根駅,しろねえき
白丸駅,しろまるえき
新粟津駅,しんあわづえき
新江口駅,しんえぐちえき
新大井駅,しんおおいえき
新大野駅,しんおおのえき
新岐阜駅前駅,しんぎふえきまええき
神光寺駅,じんこうじえき
新坂下駅,しんさかしたえき
新相良駅,しんさがらえき
新関駅,しんせきえき
新多治見駅,しんたじみえき
新塚谷駅,しんつかたにえき
新寺井駅,しんてらいえき
新田駅,しんでんえき
新土岐津駅,しんときつえき
新藤枝駅,しんふじえだえき
新松阪駅,しんまつさかえき
神明口駅,しんめいぐちえき
新山内駅,しんやまうちえき
杉津駅,すいづえき
陶の谷駅,すえのたにえき
末信牛島駅,すえのぶうしじまえき
珠洲駅,すずえき
裾花口駅,すそばなぐちえき
諏訪間駅,すわまえき
関戸駅,せきどえき
瀬木野駅,せぎのえき
瀬古駅,せこえき
善光寺温泉駅,ぜんこうじおんせんえき
千手堂駅,せんじゅどうえき
千日駅,せんにちえき
早田駅,そうでんえき
傍陽駅,そえひえき
染屋駅,そめやえき
象山口駅,ぞうざんぐちえき
大学病院前駅,だいがくびょういんまええき
大樹寺駅,だいじゅじえき
大神宮前駅,だいじんぐうまええき
大日川駅,だいにちがわえき
高洲駅,たかすえき
高富駅,たかとみえき
高梨駅,たかなしえき
田上駅,たがみえき
滝駅,たきえき
滝呂駅,たきろえき
武豊港駅,たけとよみなとえき
蛸島駅,たこじまえき
田瀬駅,たせえき
駄知駅,だちえき
辰口温泉駅,たつのくちおんせんえき
棚尾駅,たなおえき
谷汲駅,たにぐみえき
玉津浦駅,たまつうらえき
太郎代駅,たろうだいえき
旦ノ島駅,だんのしまえき
忠節駅,ちゅうせつえき
勅使駅,ちょくしえき
塚町駅,つかまちえき
月潟駅,つきがたえき
九十九湾小木駅,つくもわんおぎえき
津新地駅,つしんちえき
妻科駅,つましなえき
帝国繊維前駅,ていこくせんいまええき
徹明町駅,てつめいちょうえき
手取温泉駅,てどりおんせんえき
寺井西口駅,てらいにしぐちえき
寺地駅,てらじえき
寺津駅,てらづえき
天龍山室駅,てんりゅうやまむろえき
土居下駅,どいしたえき
桃花台センター駅,とうかだいセンターえき
桃花台西駅,とうかだいにしえき
桃花台東駅,とうかだいひがしえき
東尋坊口駅,とうじんぼうぐちえき
涛々園前駅,とうとうえんまええき
東特前駅,とうとくまええき
動物園駅,どうぶつえんえき
十日市駅,とおかいちえき
土岐口駅,ときぐちえき
ときめき駅,新潟交通電車線
徳久駅,とくひさえき
灯台笹駅,とだしのえき
刀根駅,とねえき
戸ノ口駅,とのぐちえき
殿城口駅,とのしろぐちえき
巴川口駅,ともえがわぐちえき
富山口駅,とやまぐちえき
豊木駅,とよきえき
豊根口駅,とよねぐちえき
苗木駅,なえぎえき
中浅間駅,なかあさまえき
中居駅,なかいえき
中市場駅,なかいちばえき
中区駅,なかくえき
長瀬駅,ながせえき
長瀬駅,ながせえき
長瀬茶所駅,ながせちゃじょえき
中田駅,なかだえき
長田町駅,ながたまちえき
中津町駅,なかつまちえき
中鶴来駅,なかつるぎえき
中野駅,なかのえき
中野北駅,なかのきたえき
中ノ庄駅,なかのしょうえき
中之元駅,なかのもとえき
中橋駅,なかばしえき
中畑駅,なかはたえき
長間駅,ながまえき
中丸子駅,なかまるこえき
長良北町駅,ながらきたまちえき
長良橋駅 ,ながらばしえき
名古屋市場駅,なごやしじょうえき
那谷寺駅,なたでらえき
七尾港駅,ななおみなとえき
七穂駅,ななほえき
並松駅,なみまつえき
成田山駅,なりたさんえき
西小千谷駅,にしおぢやえき
新潟港駅,にいがたこうえき
新飯田駅,にいだえき
西一色駅,にしいしきえき
西印田駅,にしいんでんえき
西鏡島駅,にしかがしまえき
西ゲート駅,にしゲートえき
西小牧駅,にしこまきえき
西田中駅,にしたなかえき
西長岡駅,にしながおかえき
西中金駅,にしなかがねえき
西名張駅,にしなばりえき
西野町駅,にしのまちえき
西丸子駅,にしまるこえき
二天駅,にてんえき
沼津港駅,ぬまづこうえき
野一色駅,のいしきえき
能登市ノ瀬駅,のといちのせえき
能登一ノ宮駅,のといちのみやえき
能登高浜駅,のとたかはまえき
能登三井駅,のとみいえき
直海駅,のうみえき
灰方駅,はいかたえき
榛原町駅,はいばらちょうえき
梅林駅,ばいりんえき
白山下駅,はくさんしたえき
白山前駅,はくさんまええき
長谷田駅,はせだえき
八王子坂駅,はちおうじざかえき
八幡町駅,はちまんちょうえき
服部駅,はっとりえき
馬場駅,ばっぱえき
花岡駅,はなおかえき
花岡町駅,はなおかちょうえき
花立駅,はなだてえき
波並駅,はなみえき
羽根駅,はねえき
羽根駅,はねえき
林駅,はやしえき
馬場駅,ばんばえき
東青山駅,ひがしあおやまえき
東赤谷駅,ひがしあかたにえき
東一宮駅,ひがしいちのみやえき
東犬山駅,ひがしいぬやまえき
東鏡島駅,ひがしかがしま
東鯖江駅,ひがしさばええき
東塩田駅,ひがししおだえき
東関屋駅,ひがしせきやえき
東駄知駅,ひがしだちえき
東田中駅,ひがしたなかえき
東中学校前仮乗降場,ひがしちゅうがっこうまかりじょうこうじょう
東屋代駅,ひがしやしろえき
火釜駅,ひがまえき
疋田駅,ひきだえき
久屋駅,ひさやえき
飛騨神岡駅,ひだかみおかえき
飛騨中山駅,ひだなかやまえき
樋之沢駅,ひのさわえき
日の出町駅,ひのでちょうえき
日野橋駅,ひのばしえき
比良駅,びらえき
昼飯駅,ひるいえき
広瀬駅,ひろせえき
福岡町駅,ふくおかちょうえき
福田駅,ふくだえき
藤江駅,ふじええき
藤枝本町駅,ふじえだほんまちえき
富士山駅,ふじやまえき
藤波駅,ふじなみえき
藤寄駅,ふじよせえき
二ッ屋駅,ふたつやえき
古君駅,ふるきみえき
平島駅,へいじまえき
部田駅,へたえき
細江駅,ほそええき
堀川駅,ほりかわえき
堀川口駅,ほりかわぐちえき
堀松駅,ほりまつえき
本揖斐駅,ほんいびえき
本郷町駅,ほんごうちょうえき
本荘駅,ほんじょうえき
本多治見駅,ほんたじみえき
本鶴来駅,ほんつるぎえき
本寺井駅,ほんてらいえき
本町駅,ほんまちえき
本町駅,ほんまちえき
本町駅,ほんまちえき
本丸岡駅,ほんまるおかえき
前田屋敷駅,まえだやしきえき
前波駅,まえなみえき
曲駅,まがりえき
曲尾駅,まがりおえき
牧野駅,まきのえき
真桑駅,まくわえき
政田駅,まさだえき
又丸駅,またまるえき
松木島駅,まつきじまえき
松代駅,まつしろえき
松波駅,まつなみえき
松森駅,まつもりえき
丸子鐘紡駅,まるこかねぼうえき
丸子町駅,まるこまちえき
丸野駅,まるのえき
三河旭駅,みかわあさひえき
三河一色駅,みかわいしきえき
三河楠駅,みかわくすえき
三河広瀬駅,みかわひろせえき
三河平坂駅,みかわへいさかえき
三河御船駅,みかわみふねえき
御岳堂駅,みたけどうえき
三田洞駅,みたほらえき
三ツ口駅,みつくちえき
港駅,みなとえき
南池田駅,みなみいけだえき
南黒丸駅,みなみくろまるえき
南長野駅,みなみながのえき
南水落駅,みなみみずおちえき
美濃駅,みのえき
美濃石田駅,みのいしだえき
美濃大久保駅,みのおおくぼえき
美濃下野駅,みのしものえき
美濃北方駅,みのきたがたえき
美濃福岡駅,みのふくおかえき
美濃町駅前駅,みのまちえきまええき
三保駅,みほえき
宮川堤駅,みやがわづつみえき
宮島駅,みやじまえき
宮竹駅,みやたけえき
宮前駅,みやまええき
村松駅,むらまつえき
無量寺駅,むりょうじえき
室山駅,むろやまえき
茂住駅,もずみえき
茂菅駅,もすげえき
元小山駅,もとおやまえき
本原駅,もとはらえき
元町駅,もとまちえき
森平駅,もりだいらえき
森屋駅,もりやえき
八百津駅,やおつえき
八神駅,やがみえき
焼鮒駅,やきふなえき
矢倉駅,やぐらえき
八ツ又駅,やつまたえき
柳沢駅,やなぎさわえき
柳橋駅,やなぎばしえき
矢波駅,やなみえき
山神駅,やまがみえき
山代駅,やましろえき
山代東口駅,やましろひがしぐちえき
山中駅,やまなかえき
山之田川駅,やまのたがわえき
結城駅,ゆうきえき
湯谷石子駅,ゆのたにいしこえき
横田駅,よこたえき
八日堂駅,ようかどうえき
横尾駅,よこおえき
吉江駅,よしええき
依田駅,よだえき
米倉駅,よねくらえき
来丸駅,らいまるえき
六分駅,ろくぶえき
若杉駅,わかすぎえき
若穂駅,わかほえき
脇野町駅,わきのまちえき
輪島駅,わじまえき
綿内駅,わたうちえき
饗庭駅,あいばえき
青柳ヶ浜駅,あおやぎがはまえき
安治川駅,あじかわえき
安曇川駅,あどがわえき
尼崎港駅,あまがさきこうえき
網島駅,あみじまえき
有馬駅,ありまえき
有馬口駅,ありまぐちえき
石野駅,いしのえき
市原駅,いちはらえき
今池町駅,いまいけちょうえき
叡山駅,えいざんえき
近江今津駅,おうみいまづえき
近江木戸駅,おうみきどえき
近江舞子駅,おうみまいこえき
近江舞子南口駅,おうみまいこみなみぐちえき
大阪市場駅,おおさかしじょうえき
大阪港駅,おおさかみなとえき
大谷駅,おおたにえき
岡崎道駅,おかざきみちえき
沖野々駅,おきののえき
雄琴温泉駅,おごとおんせんえき
尾上駅,おのええき
鶴林寺駅,かくりんじえき
鍛冶屋駅,かじやえき
春日前駅,かすがまええき
堅田駅,かたたえき
片町駅,かたまちえき
亀山駅,かめやまえき
雁ヶ谷駅,かりがやえき
上天津駅,かみあまずえき
上筒井駅,かみつついえき
川西国鉄前駅,かわにしこくてつまええき
紀伊野上駅,きいのかみえき
紀伊阪井駅,きいさかいえき
北饗庭駅,きたあいばえき
北小松駅,きたこまつえき
北山駅,きたやまえき
北吸駅,きたすいえき
北野駅,きたのえき
北野駅,きたのえき
京都市場駅,きょうとしじょうえき
金楽寺駅,きんらくじえき
公庄駅,くじょうえき
九条山駅,くじょうやまえき
国包駅,くにかねえき
蔵持駅,くらもちえき
蹴上駅,けあげえき
競輪場前駅,けいりんじょうまええき
上阪駅,こうざかえき
神戸港駅,こうべみなとえき
河守駅,こうもりえき
駒川町停留場,こまがわちょうていりゅうじょう
篠山駅,ささやまえき
塩田駅,しおたえき
滋賀駅,しがえき
飾磨駅,しかまえき
飾磨港駅,しかまこうえき
信貴山駅,しぎさんえき
重根駅,しこねえき
下天津駅,しもあまずえき
下石野駅,しもいしのえき
下川停留所,しもかわていりゅうじょ
下佐々駅,しもささえき
下津野駅,しもつのえき
白鬚駅,しらひげえき
白鬚浜駅,しらひげはまえき
新旭駅,しんあさひえき
新川駅,しんかわえき
新道場駅,しんどうじょうえき
水軒駅,すいけんえき
春照駅,すいじょうえき
洲本駅,すもとえき
宗佐駅,そうさえき
曽我井駅,そがいえき
大将軍駅,だいしょうぐんえき
大仏駅,だいぶつえき
高木駅,たかぎえき
高砂駅,たかさごえき
高砂北口駅,たかさごきたぐちえき
高砂港駅,たかさごこうえき
高島町駅,たかしまちょうえき
滝道駅,たきみちえき
蓼原停留所,たではるていりゅうじょ
田殿口駅,たどのぐちえき
田辺停留場,たなべていりゅうじょう
丹波日置駅,たんばひおきえき
茶屋町駅,ちゃやまちえき
手柄山駅,てがらやまえき
天王寺駅前駅,てんのうじえきまええき
天王寺西門前駅,てんのうじさいもんまええき
登山口駅,とざんぐちえき
動木駅,とどろきえき
飛田停留場,とびたていりゅうじょう
飛田本通駅,とびたほんどおりえき
中野停留場,なかのていりゅうじょう
中ノ郷駅,なかのごうえき
中舞鶴駅,なかまいづるえき
中村町駅,なかむらまちえき
浪速駅,なにわえき
苗代田停留場,なわしろだていりゅうじょう
西宮戎駅,にしのみやえびすえき
西原駅,にしはらえき
西平野停留場,にしひらのていりゅうじょう
西這田駅,にしほうだえき
西脇駅,にしわきえき
野口駅,のぐちえき
野上中駅,のかみなかえき
幡川駅,はたがわえき
八幡馬場駅,はちまんばばえき
八丁駅,はっちょうえき
羽安駅,はやすえき
万国博中央口駅,ばんこくはくちゅうおうぐちえき
東神戸駅,ひがしこうべえき
東山三条駅,ひがしやまさんじょうえき
日方駅,ひかたえき
曳舟駅,ひきふねえき
日高川駅,ひだかがわえき
日ノ岡駅,ひのおかえき
日吉駅,ひよしえき
比良駅,ひらえき
平野停留場,ひらのていりゅうじょう
深谷駅,ふかたにえき
福住駅,ふくすみえき
福知山西駅,ふくちやまにしえき
文ノ里停留場,ふみのさとていりゅうじょう
平安神宮前駅,へいあんじんぐうまええき
別所駅,べっしょえき
別府港駅,べふこうえき
蓬莱駅,ほうらいえき
舞鶴港駅,まいづるこうえき
真野駅,まのえき
摩耶埠頭駅,まやふとうえき
三井寺下駅,みいでらしたえき
三木駅,みきえき
水尾駅,みずおえき
御園駅,みそのえき
武庫大橋駅,むこおおはしえき
村雲駅,むらくもえき
股ヶ池停留場,ももがいけていりゅうじょう
八上駅,やかみえき
柳ヶ瀬駅,やながせえき
龍光寺前駅,りゅうこうじまええき
連絡口駅,れんらくぐちえき
和邇駅,わにえき
青山病院前,あおやまびょういんまええき
安芸飯室駅,あきいむろえき
安芸亀山駅,あきかめやまえき
天城駅,あまきえき
荒茅駅,あらかやえき
石畦駅,いしぐろえき
出雲高松駅,いずもたかまつえき
市駅,いちえき
一畑駅,いちばたえき
今井田駅,いまいだえき
宇品駅,うじなえき
打吹駅,うつぶきえき
宇部港駅,うべこうえき
上灘駅,うわなだえき
大嶺駅,おおみねえき
小河内駅,おがうちえき
小鴨駅,おがもえき
尾道高校下駅,おのみちこうこうしたえき
香草駅,かぐさえき
加計駅,かけえき
片上駅,かたかみえき
上小鴨駅,かみおがもえき
上殿駅,かみとのえき
木頃本郷駅,きごろほんごうえき
木坂駅,きさかえき
木梨口駅,きなしぐちえき
琴海駅,きんかいえき
栗原駅,くりはらえき
毛木駅,けぎえき
河戸駅,こうどえき
三段峡駅,さんだんきょうえき
三美園駅,さんびえんえき
関金駅,せきがねえき
児島駅,こじまえき
下津井駅,しもついえき
泰久寺駅,たいきゅうじえき
大社駅,たいしゃえき
田之尻駅,たのしりえき
地方事務所裏駅,ちほうじむしょうらえき
筒賀駅,つつがえき
津浪駅,つなみえき
坪野駅,つぼのえき
土居駅,どいえき
戸河内駅,とごうちえき
殿賀駅,とのがえき
鞆駅,ともえき
新山駅,にいやまえき
西尾道駅,にしおのみちえき
西倉吉駅,にしくらよしえき
西校上駅,にしこううええき
布駅,ぬのえき
畑駅,はたけえき
八田原駅,はったばらえき
林駅,はやしえき
稗田駅,ひえだえき
東下関駅,ひがししものせきえき
備前赤崎駅,びぜんあかさきえき
福田駅,ふくだえき
藤戸駅,ふじとえき
三成駅,みなりえき
水内駅,みのちえき
宮ノ前駅,みやのまええき
諸原駅,もろはらえき
安野駅,やすのえき
柵原駅,やなはらえき
山守駅,やまもりえき
遊亀橋駅,ゆうきばしえき
鷲羽山駅,わしゅうざんえき
石井駅,いしいえき
犬伏駅,いぬぶしえき
鍛冶屋原駅,かじやばらえき
川東駅,かわひがしえき
神宅駅,かんやけえき
小松島駅,こまつしまえき
小松島港仮乗降場,こまつしまこうかりじょうこうじょう
塩江駅,しおのええき
中村駅,なかむらえき
古庄駅,ふるしょうえき
森松駅,もりまつえき
屋島山上駅,やしまさんじょうえき
屋島登山口駅,やしまとざんぐちえき
羅漢駅,らかんえき
吾平駅,あいらえき
麻生釣駅,あそづるえき
阿多駅,あたえき
新手駅,あらてえき
荒平駅,あらひらえき
有家駅,ありええき
有馬吉川駅,ありまよしかわえき
安徳駅,あんとくえき
安楽駅,あんらくえき
伊崎田駅,いさきだえき
伊作駅,いざくえき
伊勢ヶ浜駅,いせがはまえき
磯光駅,いそみつえき
伊知坊駅,いちぼうえき
稲葉崎駅,いなばざきえき
伊原駅,いばるえき
今古閑駅,いまこがえき〔熊本県〕
今古賀駅,いまこがえき〔福岡県〕
今任駅,いまとうえき
今藤駅,いまふじえき
今町駅,いままちえき
入来駅,いりきえき
岩川駅,いわがわえき
岩北駅,いわきたえき
岩崎駅,いわさきえき
植木町駅,うえきまちえき
臼井駅,うすいえき
臼ノ浦駅,うすのうらえき
内山田駅,うちやまだえき
鵜池駅,うのいけえき
浦田観音駅,うらたかんのんえき
漆生駅,うるしおえき
大池駅,おおいけえき〔熊本県〕
大隈駅,おおくまえき
大隅大崎駅,おおすみおおさきえき
大隅川西駅,おおすみかわにしえき
大隅高山駅,おおすみこうやまえき
大隅境駅,おおすみさかいえき
大隅高須駅,おおすみたかすえき
大隅野里駅,おおすみのざとえき
大隅福山駅,おおすみふくやまえき
大隅二川駅,おおすみふたがわえき
大隅麓駅,おおすみふもとえき
大隅辺田駅,おおすみへたえき
大隅松山駅,おおすみまつやまえき
大任駅,おおとうえき
大廻駅,おおめぐりえき
大山駅,おおやまえき
奥永駅,おくながえき
小笹駅,おざさえき
小野駅,おのえき
海潟温泉駅,かいがたおんせんえき
鏡駅,かがみえき
鹿篭駅,かごえき
加世田駅,かせだえき
植木駅,うえきえき
香月駅,かつきえき
加津佐駅,かづさえき
鹿屋駅,かのやえき
蒲河駅,かまがえき
蒲原駅,かまはらえき
上伊田駅,かみいたえき
上内山田駅,かみうちやまだえき
上加世田駅,かみかせだえき
上亀山駅,かみかめやまえき
上津貫駅,かみつぬきえき
上日置駅,かみひおきえき
上樋脇駅,かみひわきえき
上山田駅,かみやまだえき
鴨生駅,かもおえき
菊池駅,きくちえき
岸嶽駅,きしたけえき
北川内駅,きたかわちえき
北里駅,きたざとえき
北多夫施駅,きたたふせえき
金山駅,きんざんえき
久木野駅,くぎのえき
串良駅,くしらえき
楠元駅,くすもとえき
来民駅,くたみえき
口之津駅,くちのつえき
柊原駅,くぬぎばるえき
熊ヶ畑駅,くまがはたえき
鞍手駅,くらてえき
久里駅,くりえき
黒木駅,くろぎえき
黒木駅,くろきえき
黒生野駅,くろうのえき
上妻駅,こうづまえき
郡山八幡駅,こおりやまはちまんえき
古賀ゴルフ場前駅,こがごるふじょうまええき
金剛寺駅,こんごうじえき
才田駅,さいだえき
佐志駅,さしえき
薩摩大口駅,さつまおおくちえき
薩摩川辺駅,さつまかわなべえき
薩摩久木野駅,さつまくぎのえき
薩摩求名駅,さつまくなえき
薩摩湖駅,さつまこえき
薩摩白川駅,さつましらかわえき
薩摩白浜駅,さつましらはまえき
薩摩鶴田駅,さつまつるだえき
薩摩永野駅,さつまながのえき
薩摩万世駅,さつまばんせいえき
薩摩布計駅,さつまふけえき
薩摩山崎駅,さつまやまさきえき
薩摩湯田駅,さつまゆだえき
三軒町駅,さんげんまちえき
三文字駅,さんもじえき
敷根駅,しきねえき
泗水駅,しすいえき
志免駅,しめえき
下宇美駅,しもうみえき
下小原駅,しもおばるえき
下山田駅,しもやまだえき
城ヶ崎駅,じょうがさきえき
常光寺前駅,じょうこうじまええき
白浜海水浴場前駅,しらはまかいすいよくじょうまええき
新城駅,しんじょうえき
末吉駅,すえよしえき
菅牟田駅,すがむたえき
杉安駅,すぎやすえき
諏訪駅,すわえき
世知原駅,せちばるえき
瀬野深江駅,せのふかええき
高江駅,たかええき
龍石駅,たついしえき
立町駅,たてまちえき
田部田駅,たべたえき
垂水駅,たるみずえき
筑後大川駅,ちくごおおかわえき
筑後福島駅,ちくごふくしまえき
筑後柳河駅,ちくごやながわえき
筑後若津駅,ちくごわかつえき
筑前勝田駅,ちくぜんかつたえき
筑前高宮駅,ちくぜんたかみやえき
筑前簑島駅,ちくぜんみのしまえき
筑前宮田駅,ちくぜんみやだえき
筑前山野駅,ちくぜんやまのえき
秩父が浦駅,ちちぶがうらえき
知覧駅,ちらんえき
辻久保駅,つじくぼえき
津貫駅,つぬきえき
妻駅,つまえき
津屋崎駅,つやざきえき
堂崎駅,どうざきえき
銅田駅,どうたえき
富駅,とみえき
富の原駅,とみのはらえき
鳥飼駅,とりかいえき
中安楽駅,なかあんらくえき
長崎港駅,ながさきみなとえき
永野田駅,ながのだえき
永吉駅,ながよしえき
那覇駅,なはえき
西有家駅,にしありええき
西佐土原駅,にしさどわらえき
西新駅,にしじんえき
西太良駅,にしたらえき
西鉄古賀駅,にしてつこがえき
西鉄博多駅,にしてつはかたえき
西鉄福間駅,にしてつふくまえき
西菱刈駅,にしひしかりえき
西山野駅,にしやまのえき
野間駅,のまえき
羽月駅,はつきえき
花瀬駅,はなせえき
花房駅,はなふさえき
花見駅,はなみえき
花宗駅,はなむねえき
浜平駅,はまびらえき
原城駅,はらじょうえき
針持駅,はりもちえき
日置駅,ひおきえき
東阿多駅,ひがしあたえき
東大川駅,ひがしおおかわえき
東大屋駅,ひがしおおやえき
東川崎駅,ひがしかわさきえき
東川辺駅,ひがしかわなべえき
東串良駅,ひがしくしらえき
東小倉駅,ひがしこくらえき
東佐賀駅,ひがしさがえき
東水俣駅,ひがしみなまたえき
干河駅,ひごえき
肥後小国駅,ひごおぐにえき
肥後白石駅,ひごしらいしえき
肥後大道駅,ひごだいどうえき
肥後豊田駅,ひごとよだえき
肥後深川駅,ひごふかがわえき
菱刈駅,ひしかりえき
菱田駅,ひしだえき
肥前池野駅,ひぜんいけのえき
一ツ木駅,ひとつぎえき
百町駅,ひゃくちょうえき
平島温泉駅,ひらしまおんせんえき
平恒駅,ひらつねえき
広橋駅,ひろはしえき
広瀬駅,ひろせえき
樋脇駅,ひわきえき
深江駅,ふかええき
深川駅,ふかがわえき
深渡瀬駅,ふかわたぜえき
吹上浜駅,ふきあげはまえき
船木駅,ふなきえき
舟島駅,ふなじまえき
布津駅,ふつえき
布津新田駅,ふつしんでんえき
古江駅,ふるええき
古口駅,ふるくちえき
古月駅,ふるつきえき
分田駅,ぶんだえき
宝泉寺駅,ほうせんじえき
穂北駅,ほきたえき
細島駅,ほそしまえき
前目駅,まえめえき
真崎駅,まさきえき
町田駅,まちだえき
松崎駅,まつざきえき
御手洗駅,みたらいえき
光法駅,みつのりえき
三橋駅,みつはしえき
南佐賀駅,みなみさがえき
南多夫施駅,みなみたふせえき
南吹上浜駅,みなみふきあげはまえき
宮地岳駅,みやじだけえき
宮之城駅,みやのじょうえき
宮原駅,みやばるえき
室木駅,むろきえき
室園駅,むろぞのえき
諸富駅,もろどみえき
薬園町駅,やくえんちょうえき、熊本市電黒髪線
八尋駅,やひろえき
山内駅,やまうちえき
山鹿駅,やまがえき
山城駅,やましろえき
山野駅,やまのえき
山本橋駅,やまもとばしえき
湯之尾駅,ゆのおえき
柚木駅,ゆのきえき
吉利駅,よしとしえき
吉野山駅,よしのやまえき
論地駅,ろんじえき
