1,1001,"中央新幹線","中央新幹線"
2,1002,"東海道新幹線","東海道新幹線"
3,1003,"山陽新幹線","山陽新幹線"
4,1004,"東北新幹線","東北新幹線"
5,1005,"上越新幹線","上越新幹線"
6,1006,"上越新幹線(ガーラ湯沢支線)","上越新幹線(ガーラ湯沢支線)"
7,1007,"山形新幹線","山形新幹線"
8,1008,"秋田新幹線","秋田新幹線"
9,1009,"北陸新幹線","北陸新幹線"
10,1010,"九州新幹線","九州新幹線"
11,1011,"北海道新幹線","北海道新幹線"
12,11101,"JR函館本線(函館～長万部)","JR函館本線(函館～長万部)"
13,11102,"JR函館本線(長万部～小樽)","JR函館本線(長万部～小樽)"
14,11103,"JR函館本線(小樽～旭川)","JR函館本線(小樽～旭川)"
15,11104,"JR室蘭本線(長万部・室蘭～苫小牧)","JR室蘭本線(長万部・室蘭～苫小牧)"
16,11105,"JR室蘭本線(苫小牧～岩見沢)","JR室蘭本線(苫小牧～岩見沢)"
17,11106,"JR根室本線(滝川～新得)","JR根室本線(滝川～新得)"
18,11107,"JR根室本線(新得～釧路)","JR根室本線(新得～釧路)"
19,11108,"花咲線","JR根室本線(釧路～根室)"
20,11109,"JR千歳線","JR千歳線"
21,11110,"JR石勝線","JR石勝線"
22,11111,"JR日高本線","JR日高本線"
23,11112,"JR札沼線","JR札沼線"
24,11113,"JR留萌本線","JR留萌本線"
25,11114,"JR富良野線","JR富良野線"
26,11115,"JR宗谷本線","JR宗谷本線"
27,11116,"JR石北本線","JR石北本線"
28,11117,"JR釧網本線","JR釧網本線"
29,11118,"JR海峡線","JR海峡線"
30,11119,"JR江差線","JR江差線"
31,11201,"JR東北本線(八戸～青森)","JR東北本線(八戸～青森)"
32,11202,"JR奥羽本線(新庄～青森)","JR奥羽本線(新庄～青森)"
33,11231,"JR東北本線(黒磯～利府・盛岡)","JR東北本線(黒磯～利府・盛岡)"
34,11203,"はまなすベイライン大湊線","JR大湊線"
35,11204,"JR五能線","JR五能線"
36,11205,"JR津軽線","JR津軽線"
37,11206,"JR八戸線","JR八戸線"
38,11207,"JR岩泉線","JR岩泉線"
39,11208,"ドラゴンレール大船渡線","JR大船渡線"
40,11209,"銀河ドリームライン釜石線","JR釜石線"
41,11210,"JR北上線","JR北上線"
42,11211,"JR田沢湖線","JR田沢湖線"
43,11212,"十和田八幡平四季彩ライン","JR花輪線"
44,11213,"JR山田線","JR山田線"
45,11214,"JR羽越本線","JR羽越本線"
46,11215,"JR男鹿線","JR男鹿線"
47,11216,"山形線","JR奥羽本線(福島～新庄)"
48,11217,"JR仙山線","JR仙山線"
49,11218,"フルーツライン左沢線","JR左沢線"
50,11219,"JR米坂線","JR米坂線"
51,11220,"奥の細道最上川ライン","JR陸羽西線"
52,11221,"奥の細道湯けむりライン","JR陸羽東線"
53,11222,"JR仙石線","JR仙石線"
54,11223,"JR石巻線","JR石巻線"
55,11224,"JR気仙沼線","JR気仙沼線"
56,11225,"JR磐越西線(郡山～会津若松)","JR磐越西線(郡山～会津若松)"
57,11226,"森と水とロマンの鉄道","JR磐越西線(森と水とロマンの鉄道)"
58,11227,"JR只見線","JR只見線"
59,11228,"ゆうゆうあぶくまライン","JR磐越東線"
60,11229,"JR常磐線(取手～いわき)","JR常磐線(取手～いわき)"
61,11230,"JR常磐線(いわき～仙台)","JR常磐線(いわき～仙台)"
62,11301,"JR東海道本線(東京～熱海)","JR東海道本線(東京～熱海)"
63,11302,"JR山手線","JR山手線"
64,11303,"JR南武線","JR南武線"
65,11304,"JR鶴見線","JR鶴見線"
66,11305,"JR武蔵野線","JR武蔵野線"
67,11306,"JR横浜線","JR横浜線"
68,11307,"JR根岸線","JR根岸線"
69,11308,"JR横須賀線","JR横須賀線"
70,11309,"JR相模線","JR相模線"
71,11311,"JR中央本線(東京～塩尻)","JR中央本線(東京～塩尻)"
72,11312,"JR中央線(快速)","JR中央線(快速)"
73,11313,"JR中央・総武線","JR中央・総武緩行線"
74,11314,"JR総武本線","JR総武本線"
75,11315,"JR青梅線","JR青梅線"
76,11316,"JR五日市線","JR五日市線"
77,11317,"JR八高線(八王子～高麗川)","JR八高線(八王子～高麗川)"
78,11318,"JR八高線(高麗川～高崎)","JR八高線(高麗川～高崎)"
79,11319,"宇都宮線","JR東北本線"
80,11320,"JR常磐線(上野～取手)","JR常磐線(上野～取手)"
81,11321,"JR埼京線","JR埼京線"
82,11322,"JR川越線","JR川越線"
83,11323,"JR高崎線","JR高崎線"
84,11324,"JR外房線","JR外房線"
85,11325,"JR内房線","JR内房線"
86,11326,"JR京葉線","JR京葉線"
87,11327,"JR成田線","JR成田線"
88,11328,"JR成田エクスプレス","JR成田エクスプレス"
89,11329,"JR鹿島線","JR鹿島線"
90,11330,"JR久留里線","JR久留里線"
91,11331,"JR東金線","JR東金線"
92,11332,"JR京浜東北線","JR京浜東北線"
93,11333,"JR湘南新宿ライン","JR湘南新宿ライン"
94,11343,"上野東京ライン","上野東京ライン"
95,11334,"JR烏山線","JR烏山線"
96,11335,"JR吾妻線","JR吾妻線"
97,11337,"JR信越本線","JR信越本線"
98,11338,"JR水郡線","JR水郡線"
99,11339,"JR水戸線","JR水戸線"
100,11340,"JR日光線","JR日光線"
101,11341,"JR両毛線","JR両毛線"
102,11342,"JR上越線","JR上越線"
103,11401,"八ヶ岳高原線","JR小海線"
104,11402,"JR身延線","JR身延線"
105,11403,"JR信越本線(篠ノ井～長野)","JR信越本線(篠ノ井～長野)"
106,11404,"JR信越本線(直江津～新潟)","JR信越本線(直江津～新潟)"
107,11405,"JR北陸本線(富山～直江津)","JR北陸本線(富山～直江津)"
108,11406,"JR白新線","JR白新線"
109,11407,"JR飯山線","JR飯山線"
110,11408,"JR越後線","JR越後線"
111,11409,"北アルプス線","JR大糸線"
112,11410,"JR弥彦線","JR弥彦線"
113,11411,"JR中央本線(名古屋～塩尻)","JR中央本線(名古屋～塩尻)"
114,11412,"JR篠ノ井線","JR篠ノ井線"
115,11413,"JR飯田線(豊橋～天竜峡)","JR飯田線(豊橋～天竜峡)"
116,11414,"JR飯田線(天竜峡～辰野)","JR飯田線(天竜峡～辰野)"
117,11415,"JR北陸本線(米原～金沢)","JR北陸本線(米原～金沢)"
118,11416,"JR高山本線","JR高山本線"
119,11417,"JR城端線","JR城端線"
120,11418,"JR氷見線","JR氷見線"
121,11419,"JR七尾線","JR七尾線"
122,11420,"敦賀港線","JR北陸本線(敦賀～敦賀港)"
123,11421,"九頭竜線","JR越美北線"
124,11422,"JR小浜線","JR小浜線"
125,11501,"JR東海道本線(熱海～浜松)","JR東海道本線(熱海～浜松)"
126,11502,"JR東海道本線(浜松～岐阜)","JR東海道本線(浜松～岐阜)"
127,11503,"JR東海道本線(岐阜～美濃赤坂・米原)","JR東海道本線(岐阜～美濃赤坂・米原)"
128,11504,"JR伊東線","JR伊東線"
129,11505,"JR御殿場線","JR御殿場線"
130,11506,"JR武豊線","JR武豊線"
131,11507,"JR太多線","JR太多線"
132,11508,"JR関西本線(名古屋～亀山)","JR関西本線(名古屋～亀山)"
133,11509,"JR関西本線(亀山～加茂)","JR関西本線(亀山～加茂)"
134,11510,"JR紀勢本線","JR紀勢本線"
135,11511,"JR草津線","JR草津線"
136,11512,"JR参宮線","JR参宮線"
137,11513,"JR名松線","JR名松線"
138,11601,"琵琶湖線","JR東海道本線(米原～京都)"
139,11602,"JR京都線","JR東海道本線(京都～大阪)"
140,11603,"JR神戸線(大阪～神戸)","JR東海道本線(大阪～神戸)"
141,11605,"JR湖西線","JR湖西線"
142,11607,"大和路線","JR関西本線(加茂～ＪＲ難波)"
143,11608,"JR神戸線(神戸～姫路)","JR山陽本線(神戸～姫路)"
144,11609,"JR山陽本線(姫路～岡山)","JR山陽本線(姫路～岡山)"
145,11610,"JR山陽本線(岡山～三原)","JR山陽本線(岡山～三原)"
146,11611,"JR山陽本線(三原～岩国)","JR山陽本線(三原～岩国)"
147,11612,"JR山陽本線(岩国～門司)","JR山陽本線(岩国～門司)"
148,11613,"JR山陽本線(兵庫～和田岬)","JR山陽本線(兵庫～和田岬)"
149,11614,"嵯峨野線","JR山陰本線(京都～園部)"
150,11615,"JR山陰本線(園部～豊岡)","JR山陰本線(園部～豊岡)"
151,11616,"JR山陰本線(豊岡～米子)","JR山陰本線(豊岡～米子)"
152,11617,"学研都市線","JR片町線"
153,11618,"奈良線","奈良線"
154,11622,"JR舞鶴線","JR舞鶴線"
155,11623,"大阪環状線","大阪環状線"
156,11624,"JRゆめ咲線","JR桜島線"
157,11625,"JR東西線","JR東西線"
158,11626,"阪和線(天王寺～和歌山)","阪和線(天王寺～和歌山)"
159,11627,"羽衣線","阪和線(鳳～東羽衣)"
160,11628,"JR関西空港線","JR関西空港線"
161,11629,"JR宝塚線","JR福知山線(新大阪～篠山口)"
162,11630,"福知山線(篠山口～福知山)","福知山線(篠山口～福知山)"
163,11631,"JR赤穂線","JR赤穂線"
164,11632,"JR加古川線","JR加古川線"
165,11633,"JR姫新線(姫路～佐用)","JR姫新線(姫路～佐用)"
166,11634,"JR姫新線(佐用～新見)","JR姫新線(佐用～新見)"
167,11635,"JR播但線","JR播但線"
168,11636,"JR和歌山線","JR和歌山線"
169,11637,"万葉まほろば線","桜井線"
170,11639,"きのくに線","JR紀勢本線(新宮～和歌山)"
171,11640,"紀勢本線(和歌山～和歌山市)","紀勢本線(和歌山～和歌山市)"
172,11641,"おおさか東線","おおさか東線"
173,11701,"JR山陰本線(米子～益田)","JR山陰本線(米子～益田)"
174,11702,"JR山陰本線(益田～下関)","JR山陰本線(益田～下関)"
175,11703,"JR伯備線","JR伯備線"
176,11704,"JR因美線","JR因美線"
177,11705,"JR境線","JR境線"
178,11706,"JR木次線","JR木次線"
179,11707,"JR三江線","JR三江線"
180,11708,"JR山口線","JR山口線"
181,11709,"JR宇野線","JR宇野線"
182,11710,"瀬戸大橋線","JR本四備讃線"
183,11713,"JR吉備線","JR吉備線"
184,11714,"JR芸備線","JR芸備線"
185,11715,"JR津山線","JR津山線"
186,11716,"JR呉線","JR呉線"
187,11717,"JR可部線","JR可部線"
188,11720,"JR福塩線","JR福塩線"
189,11721,"JR宇部線","JR宇部線"
190,11722,"JR美祢線","JR美祢線"
191,11723,"JR小野田線","JR小野田線"
192,11724,"JR岩徳線","JR岩徳線"
193,11801,"JR土讃線","JR土讃線"
194,11802,"JR高徳線","JR高徳線"
195,11803,"よしの川ブルーライン","JR徳島線"
196,11804,"JR牟岐線","JR牟岐線"
197,11805,"JR鳴門線","JR鳴門線"
198,11806,"JR予讃線","JR予讃線"
199,11807,"JR予讃・内子線","JR予讃・内子線"
200,11808,"しまんとグリーンライン","JR予土線"
201,11901,"JR博多南線","JR博多南線"
202,11902,"JR鹿児島本線(下関・門司港～博多)","JR鹿児島本線(下関・門司港～博多)"
203,11903,"JR鹿児島本線(博多～八代)","JR鹿児島本線(博多～八代)"
204,11904,"JR鹿児島本線(川内～鹿児島)","JR鹿児島本線(川内～鹿児島)"
205,11905,"JR長崎本線(鳥栖～長崎)","JR長崎本線(鳥栖～長崎)"
206,11906,"JR日豊本線(門司港～佐伯)","JR日豊本線(門司港～佐伯)"
207,11907,"JR日豊本線(佐伯～鹿児島中央)","JR日豊本線(佐伯～鹿児島中央)"
208,11908,"福北ゆたか線","JR篠栗線"
209,11909,"JR筑肥線(姪浜～西唐津)","JR筑肥線(姪浜～西唐津)"
210,11910,"若松線","JR筑豊本線(若松～折尾)"
211,11911,"福北ゆたか線(折尾～桂川)","JR筑豊本線(折尾～桂川)"
212,11912,"原田線","JR筑豊本線(桂川～原田)"
213,11913,"ゆふ高原線","JR久大本線"
214,11914,"JR日田彦山線","JR日田彦山線"
215,11915,"JR後藤寺線","JR後藤寺線"
216,11916,"海の中道線","JR香椎線(西戸崎～香椎)"
217,11917,"JR香椎線(香椎～宇美)","JR香椎線(香椎～宇美)"
218,11918,"JR佐世保線","JR佐世保線"
219,11920,"JR筑肥線(西唐津～伊万里)","JR筑肥線(西唐津～伊万里)"
220,11921,"JR唐津線","JR唐津線"
221,11922,"JR大村線","JR大村線"
222,11923,"阿蘇高原線","JR豊肥本線"
223,11924,"三角線（あまくさみすみ線）","JR三角線"
224,11925,"えびの高原線(八代～吉松)","JR肥薩線(八代～吉松)"
225,11926,"JR肥薩線(吉松～隼人)","JR肥薩線(吉松～隼人)"
226,11927,"JR宮崎空港線","JR宮崎空港線"
227,11928,"JR日南線","JR日南線"
228,11929,"えびの高原線","JR吉都線"
229,11930,"JR指宿枕崎線","JR指宿枕崎線"
230,21001,"東武東上線","東武東上線"
231,21002,"東武伊勢崎線","東武伊勢崎線"
232,21003,"東武日光線","東武日光線"
233,21004,"東武野田線","東武野田線"
234,21005,"東武亀戸線","東武亀戸線"
235,21006,"東武大師線","東武大師線"
236,21007,"東武越生線","東武越生線"
237,21008,"東武宇都宮線","東武宇都宮線"
238,21009,"東武鬼怒川線","東武鬼怒川線"
239,21010,"東武佐野線","東武佐野線"
240,21011,"東武桐生線","東武桐生線"
241,21012,"東武小泉線","東武小泉線"
242,22001,"西武池袋線","西武池袋線"
243,22002,"西武秩父線","西武秩父線"
244,22003,"西武有楽町線","西武有楽町線"
245,22004,"西武豊島線","西武豊島線"
246,22005,"西武狭山線","西武狭山線"
247,22006,"レオライナー","西武山口線"
248,22007,"西武新宿線","西武新宿線"
249,22008,"西武拝島線","西武拝島線"
250,22009,"西武西武園線","西武西武園線"
251,22010,"西武国分寺線","西武国分寺線"
252,22011,"西武多摩湖線","西武多摩湖線"
253,22012,"西武多摩川線","西武多摩川線"
254,23001,"京成本線","京成本線"
255,23002,"京成押上線","京成押上線"
256,23003,"京成金町線","京成金町線"
257,23004,"京成千葉線","京成千葉線"
258,23005,"京成千原線","京成千原線"
259,23006,"成田スカイアクセス","京成成田空港線"
260,24001,"京王線","京王線"
261,24002,"京王相模原線","京王相模原線"
262,24003,"京王高尾線","京王高尾線"
263,24004,"京王競馬場線","京王競馬場線"
264,24005,"京王動物園線","京王動物園線"
265,24006,"京王井の頭線","京王井の頭線"
266,24007,"京王新線","京王新線"
267,25001,"小田急線","小田急小田原線"
268,25002,"小田急江ノ島線","小田急江ノ島線"
269,25003,"小田急多摩線","小田急多摩線"
270,26001,"東急東横線","東急東横線"
271,26002,"東急目黒線","東急目黒線"
272,26003,"東急田園都市線","東急田園都市線"
273,26004,"東急大井町線","東急大井町線"
274,26005,"東急池上線","東急池上線"
275,26006,"東急多摩川線","東急多摩川線"
276,26007,"東急世田谷線","東急世田谷線"
277,26008,"東急こどもの国線","東急こどもの国線"
278,27001,"京急本線","京急本線"
279,27002,"京急空港線","京急空港線"
280,27003,"京急大師線","京急大師線"
281,27004,"京急逗子線","京急逗子線"
282,27005,"京急久里浜線","京急久里浜線"
283,28001,"東京メトロ銀座線","東京メトロ銀座線"
284,28002,"東京メトロ丸ノ内線","東京メトロ丸ノ内線"
285,28003,"東京メトロ日比谷線","東京メトロ日比谷線"
286,28004,"東京メトロ東西線","東京メトロ東西線"
287,28005,"東京メトロ千代田線","東京メトロ千代田線"
288,28006,"東京メトロ有楽町線","東京メトロ有楽町線"
289,28008,"東京メトロ半蔵門線","東京メトロ半蔵門線"
290,28009,"東京メトロ南北線","東京メトロ南北線"
291,28010,"東京メトロ副都心線","東京メトロ副都心線"
292,29001,"相鉄本線","相鉄本線"
293,29002,"相鉄いずみ野線","相鉄いずみ野線"
294,29003,"相鉄・JR直通線","相鉄新横浜線"
295,30001,"名鉄名古屋本線","名鉄名古屋本線"
296,30002,"名鉄豊川線","名鉄豊川線"
297,30003,"名鉄西尾線","名鉄西尾線"
298,30004,"名鉄蒲郡線","名鉄蒲郡線"
299,30005,"名鉄三河線","名鉄三河線"
300,30006,"名鉄豊田線","名鉄豊田線"
301,30007,"名鉄空港線","名鉄空港線"
302,30008,"名鉄常滑線","名鉄常滑線"
303,30009,"名鉄河和線","名鉄河和線"
304,30010,"名鉄知多新線","名鉄知多新線"
305,30011,"名鉄築港線","名鉄築港線"
306,30012,"名鉄瀬戸線","名鉄瀬戸線"
307,30013,"名鉄津島線","名鉄津島線"
308,30014,"名鉄尾西線","名鉄尾西線"
309,30015,"名鉄犬山線","名鉄犬山線"
310,30016,"名鉄各務原線","名鉄各務原線"
311,30017,"名鉄広見線","名鉄広見線"
312,30018,"名鉄小牧線","名鉄小牧線"
313,30019,"犬山モノレール","名鉄モンキーパークモノレール線"
314,30020,"名鉄竹鼻線","名鉄竹鼻線"
315,30021,"名鉄羽島線","名鉄羽島線"
316,31001,"近鉄難波線","近鉄難波線"
317,31002,"近鉄橿原線","近鉄橿原線"
318,31003,"近鉄南大阪線","近鉄南大阪線"
319,31004,"近鉄養老線","近鉄養老線"
320,31005,"近鉄大阪線","近鉄大阪線"
321,31006,"近鉄伊賀線","近鉄伊賀線"
322,31007,"近鉄吉野線","近鉄吉野線"
323,31008,"近鉄湯の山線","近鉄湯の山線"
324,31009,"近鉄山田線","近鉄山田線"
325,31010,"近鉄鳥羽線","近鉄鳥羽線"
326,31011,"近鉄天理線","近鉄天理線"
327,31012,"近鉄道明寺線","近鉄道明寺線"
328,31013,"内部線","内部線"
329,31014,"八王子線","八王子線"
330,31015,"近鉄志摩線","近鉄志摩線"
331,31016,"近鉄生駒線","近鉄生駒線"
332,31017,"近鉄田原本線","近鉄田原本線"
333,31018,"近鉄御所線","近鉄御所線"
334,31019,"近鉄鈴鹿線","近鉄鈴鹿線"
335,31020,"近鉄奈良線","近鉄奈良線"
336,31021,"近鉄信貴線","近鉄信貴線"
337,31022,"近鉄長野線","近鉄長野線"
338,31023,"近鉄けいはんな線","近鉄けいはんな線"
339,31024,"西信貴ケーブル","近鉄西信貴鋼索線"
340,31025,"近鉄京都線","近鉄京都線"
341,31026,"生駒ケーブル","近鉄生駒鋼索線"
342,31027,"近鉄名古屋線","近鉄名古屋線"
343,32001,"南海本線","南海本線"
344,32002,"南海空港線","南海空港線"
345,32003,"南海和歌山港線","南海和歌山港線"
346,32004,"南海高師浜線","南海高師浜線"
347,32005,"南海加太線","南海加太線"
348,32006,"南海多奈川線","南海多奈川線"
349,32007,"南海高野線","南海高野線"
350,32008,"南海高野山ケーブル","南海高野山ケーブル"
351,32009,"南海汐見橋線","南海汐見橋線"
352,33001,"京阪本線","京阪本線"
353,33002,"京阪宇治線","京阪宇治線"
354,33003,"京阪交野線","京阪交野線"
355,33004,"京阪鴨東線","京阪鴨東線"
356,33005,"石清水八幡宮参道ケーブル","京阪鋼索線"
357,33006,"京阪石山坂本線","京阪石山坂本線"
358,33007,"京阪京津線","京阪京津線"
359,33008,"京阪中之島線","京阪中之島線"
360,34001,"阪急神戸本線","阪急神戸本線"
361,34002,"阪急宝塚本線","阪急宝塚本線"
362,34003,"阪急京都本線","阪急京都本線"
363,34004,"阪急今津線","阪急今津線"
364,34005,"阪急甲陽線","阪急甲陽線"
365,34006,"阪急伊丹線","阪急伊丹線"
366,34007,"阪急箕面線","阪急箕面線"
367,34008,"阪急千里線","阪急千里線"
368,34009,"阪急嵐山線","阪急嵐山線"
369,35001,"阪神本線","阪神本線"
370,35002,"阪神なんば線","阪神なんば線"
371,35003,"阪神武庫川線","阪神武庫川線"
372,36001,"西鉄天神大牟田線","西鉄天神大牟田線"
373,36002,"西鉄太宰府線","西鉄太宰府線"
374,36003,"西鉄甘木線","西鉄甘木線"
375,36004,"西鉄貝塚線","西鉄貝塚線"
376,99101,"札幌市営地下鉄東西線","札幌市営地下鉄東西線"
377,99102,"札幌市営地下鉄南北線","札幌市営地下鉄南北線"
378,99103,"札幌市営地下鉄東豊線","札幌市営地下鉄東豊線"
379,99104,"札幌市電山鼻線","札幌市電山鼻線"
380,99105,"函館市電２系統","函館市電２系統"
381,99106,"函館市電５系統","函館市電５系統"
382,99107,"ふるさと銀河線","北海道ちほく高原鉄道ふるさと銀河線"
383,99108,"道南いさりび鉄道線","道南いさりび鉄道線"
384,99201,"津軽鉄道線","津軽鉄道線"
385,99202,"弘南鉄道弘南線","弘南鉄道弘南線"
386,99203,"弘南鉄道大鰐線","弘南鉄道大鰐線"
387,99204,"十和田観光電鉄","十和田観光電鉄"
388,99205,"いわて銀河鉄道線","いわて銀河鉄道線"
389,99206,"青い森鉄道線","青い森鉄道線"
390,99207,"三陸鉄道北リアス線","三陸鉄道北リアス線"
391,99208,"三陸鉄道リアス線","三陸鉄道リアス線"
392,99209,"秋田内陸線","秋田内陸縦貫鉄道秋田内陸線"
393,99210,"鳥海山ろく線","由利高原鉄道鳥海山ろく線"
394,99211,"フラワー長井線","山形鉄道フラワー長井線"
395,99212,"くりはら田園鉄道線","くりはら田園鉄道線"
396,99213,"阿武隈急行線","阿武隈急行線"
397,99214,"仙台市営地下鉄南北線","仙台市営地下鉄南北線"
398,99218,"仙台市営地下鉄東西線","仙台市営地下鉄東西線"
399,99215,"福島交通飯坂線","福島交通飯坂線"
400,99216,"会津鉄道会津線","会津鉄道会津線"
401,99217,"仙台空港線","仙台空港鉄道仙台空港線"
402,99301,"都営大江戸線","都営大江戸線"
403,99302,"都営浅草線","都営浅草線"
404,99303,"都営三田線","都営三田線"
405,99304,"都営新宿線","都営新宿線"
406,99305,"都電荒川線","都営都電荒川線"
407,99342,"日暮里・舎人ライナー","日暮里・舎人ライナー"
408,99306,"秩父鉄道秩父本線","秩父鉄道秩父本線"
409,99307,"埼玉高速鉄道線","埼玉高速鉄道線"
410,99308,"いすみ線","いすみ鉄道いすみ線"
411,99309,"つくばエクスプレス","首都圏新都市鉄道つくばエクスプレス"
412,99310,"みなとみらい線","みなとみらい21線"
413,99311,"ゆりかもめ","ゆりかもめ東京臨海新交通臨海線"
414,99312,"わたらせ渓谷線","わたらせ渓谷鐵道わたらせ渓谷線"
415,99313,"ユーカリが丘線","山万ユーカリが丘線"
416,99314,"伊豆箱根鉄道大雄山線","伊豆箱根鉄道大雄山線"
417,99315,"ひたちなか海浜鉄道湊線","ひたちなか海浜鉄道湊線"
418,99316,"ブルーライン","横浜市高速鉄道1号線・3号線"
419,99343,"グリーンライン","横浜市高速鉄道4号線"
420,99317,"金沢シーサイドライン","横浜新都市交通金沢シーサイドライン"
421,99318,"関東鉄道常総線","関東鉄道常総線"
422,99319,"関東鉄道竜ヶ崎線","関東鉄道竜ヶ崎線"
423,99320,"江ノ島電鉄線","江ノ島電鉄線"
424,99321,"ニューシャトル","埼玉新都市交通伊奈線"
425,99322,"鹿島鉄道線","鹿島鉄道線"
426,99323,"鹿島臨海鉄道大洗鹿島線","鹿島臨海鉄道大洗鹿島線"
427,99324,"芝山鉄道線","芝山鉄道線"
428,99325,"小湊鉄道線","小湊鉄道線"
429,99326,"湘南モノレール","湘南モノレール"
430,99327,"上信電鉄","上信電鉄"
431,99328,"上毛電気鉄道上毛線","上毛電気鉄道上毛線"
432,99329,"新京成線","新京成電鉄新京成線"
433,99330,"真岡鐵道真岡線","真岡鐵道真岡線"
434,99331,"千葉都市モノレール１号線","千葉都市モノレール１号線"
435,99332,"千葉都市モノレール２号線","千葉都市モノレール２号線"
436,99333,"流鉄流山線","流鉄流山線"
437,99334,"多摩モノレール","多摩都市モノレール線"
438,99335,"銚子電鉄線","銚子電気鉄道線"
439,99336,"東京モノレール","東京モノレール羽田空港線"
440,99337,"りんかい線","東京臨海高速鉄道りんかい線"
441,99338,"東葉高速線","東葉高速鉄道東葉高速線"
442,99339,"箱根登山鉄道鉄道線","箱根登山鉄道鉄道線"
443,99340,"北総鉄道北総線","北総鉄道北総線"
444,99341,"ほっとスパ・ライン","野岩鉄道会津鬼怒川線"
445,99344,"箱根登山ケーブルカー","箱根登山鉄道鋼索線"
446,99401,"富士急行線","富士急行線"
447,99402,"北越急行ほくほく線","北越急行ほくほく線"
448,99403,"しなの鉄道線","しなの鉄道線"
449,99427,"北しなの線","北しなの線"
450,99404,"上田電鉄別所線","上田電鉄別所線"
451,99405,"長野電鉄長野線","長野電鉄長野線"
452,99406,"長野電鉄屋代線","長野電鉄屋代線"
453,99407,"上高地線","アルピコ交通上高地線"
454,99408,"富山地鉄本線","富山地鉄本線"
455,99409,"富山地鉄立山線","富山地鉄立山線"
456,99410,"富山地鉄不二越・上滝線","富山地鉄不二越・上滝線"
457,99411,"神岡鉄道神岡線","神岡鉄道神岡線"
458,99412,"黒部峡谷鉄道本線","黒部峡谷鉄道本線"
459,99413,"富山地鉄市内線【１・２系統】","富山地鉄市内線"
460,99422,"富山地鉄富山都心線【３系統(環状線)】","富山地鉄富山都心線"
461,99414,"万葉線","万葉線"
462,99415,"富山港線","富山港線"
463,99416,"北陸鉄道石川線","北陸鉄道石川線"
464,99417,"北陸鉄道浅野川線","北陸鉄道浅野川線"
465,99423,"日本海ひすいライン","日本海ひすいライン"
466,99424,"妙高はねうまライン","妙高はねうまライン"
467,99425,"あいの風とやま鉄道線","あいの風とやま鉄道線"
468,99426,"IRいしかわ鉄道線","IRいしかわ鉄道株式会社"
469,99418,"のと鉄道七尾線","のと鉄道七尾線"
470,99419,"えちぜん鉄道勝山永平寺線","えちぜん鉄道勝山永平寺線"
471,99420,"えちぜん鉄道三国芦原線","えちぜん鉄道三国芦原線"
472,99421,"福井鉄道福武線","福井鉄道福武線"
473,99501,"伊豆急行線","伊豆急行線"
474,99502,"伊豆箱根鉄道駿豆線","伊豆箱根鉄道駿豆線"
475,99503,"岳南鉄道線","岳南鉄道線"
476,99504,"静岡鉄道静岡清水線","静岡鉄道静岡清水線"
477,99505,"天竜浜名湖線","天竜浜名湖鉄道天竜浜名湖線"
478,99506,"遠州鉄道鉄道線","遠州鉄道鉄道線"
479,99507,"大井川鐵道大井川本線","大井川鐵道大井川本線"
480,99508,"南アルプスあぷとライン","大井川鐵道井川線"
481,99509,"あおなみ線","西名古屋港線"
482,99510,"東海交通事業城北線","東海交通事業城北線"
483,99511,"愛知環状鉄道線","愛知環状鉄道線"
484,99512,"リニモ","東部丘陵線"
485,99513,"名古屋市営地下鉄東山線","名古屋市営地下鉄東山線"
486,99514,"名古屋市営地下鉄名城線","名古屋市営地下鉄名城線"
487,99515,"名古屋市営地下鉄名港線","名古屋市営地下鉄名港線"
488,99516,"名古屋市営地下鉄鶴舞線","名古屋市営地下鉄鶴舞線"
489,99517,"名古屋市営地下鉄桜通線","名古屋市営地下鉄桜通線"
490,99518,"名古屋市営地下鉄上飯田線","名古屋市営地下鉄上飯田線"
491,99519,"ピーチライナー","桃花台新交通"
492,99520,"豊橋鉄道渥美線","豊橋鉄道渥美線"
493,99521,"豊橋鉄道東田本線","豊橋鉄道東田本線"
494,99522,"豊橋鉄道運動公園前線","豊橋鉄道運動公園前線"
495,99523,"ゆとりーとライン","ガイドウェイバス志段味線"
496,99524,"明知鉄道明知線","明知鉄道明知線"
497,99525,"長良川鉄道越美南線","長良川鉄道越美南線"
498,99526,"樽見鉄道樽見線","樽見鉄道樽見線"
499,99528,"三岐鉄道三岐線","三岐鉄道三岐線"
500,99529,"三岐鉄道北勢線","三岐鉄道北勢線"
501,99530,"伊勢鉄道伊勢線","伊勢鉄道伊勢線"
502,99531,"伊賀鉄道伊賀線","伊賀鉄道伊賀線"
503,99532,"養老鉄道養老線","養老鉄道養老線"
504,99601,"近江鉄道本線","近江鉄道本線"
505,99602,"近江鉄道多賀線","近江鉄道多賀線"
506,99603,"近江鉄道八日市線","近江鉄道八日市線"
507,99604,"信楽高原鐵道信楽線","信楽高原鐵道信楽線"
508,99605,"嵯峨野観光線","嵯峨野観光線"
509,99606,"叡山電鉄叡山本線","叡山電鉄叡山本線"
510,99607,"叡山電鉄鞍馬線","叡山電鉄鞍馬線"
511,99608,"宮福線","宮福線"
512,99609,"宮豊線","宮豊線"
513,99653,"宮舞線","宮舞線"
514,99610,"京都市営地下鉄烏丸線","京都市営地下鉄烏丸線"
515,99611,"京都市営地下鉄東西線","京都市営地下鉄東西線"
516,99612,"京福電鉄嵐山本線","京福電鉄嵐山本線"
517,99613,"京福電鉄北野線","京福電鉄北野線"
518,99614,"北大阪急行電鉄","北大阪急行電鉄"
519,99616,"泉北高速鉄道線","泉北高速鉄道線"
520,99617,"水間鉄道水間線","水間鉄道水間線"
521,99618,"大阪メトロ御堂筋線","高速電気軌道第1号線"
522,99619,"大阪メトロ谷町線","高速電気軌道第2号線"
523,99620,"大阪メトロ四つ橋線","高速電気軌道第3号線"
524,99621,"大阪メトロ中央線","高速電気軌道第4号線"
525,99622,"大阪メトロ千日前線","高速電気軌道第5号線"
526,99623,"大阪メトロ堺筋線","高速電気軌道第6号線"
527,99624,"大阪メトロ長堀鶴見緑地線","高速電気軌道第7号線"
528,99652,"大阪メトロ今里筋線","高速電気軌道第8号線"
529,99625,"大阪メトロ南港ポートタウン線","大阪市高速電気軌道南港ポートタウン線"
530,99626,"大阪モノレール線","大阪モノレール線"
531,99627,"大阪モノレール彩都線","国際文化公園都市線"
532,99628,"阪堺電軌上町線","阪堺電軌上町線"
533,99629,"阪堺電軌阪堺線","阪堺電軌阪堺線"
534,99630,"神戸高速東西線","神戸高速東西線"
535,99631,"神戸高速南北線","神戸高速南北線"
536,99632,"有馬線","神鉄有馬線"
537,99633,"三田線","神鉄三田線"
538,99634,"公園都市線","神鉄公園都市線"
539,99635,"粟生線","神鉄粟生線"
540,99636,"北神線","神戸市営地下鉄北神線"
541,99637,"山陽電鉄本線","山陽電鉄本線"
542,99638,"山陽電鉄網干線","山陽電鉄網干線"
543,99615,"能勢電鉄妙見線","能勢電鉄妙見線"
544,99640,"能勢電鉄日生線","能勢電鉄日生線"
545,99642,"三木鉄道三木線","三木鉄道三木線"
546,99643,"北条鉄道北条線","北条鉄道北条線"
547,99644,"智頭急行智頭線","智頭急行智頭線"
548,99645,"神戸市営地下鉄西神線","神戸市営地下鉄西神線"
549,99646,"神戸市営地下鉄山手線","神戸市営地下鉄山手線"
550,99647,"夢かもめ","神戸市営地下鉄海岸線"
551,99648,"ポートライナー","神戸新交通ポートアイランド線"
552,99649,"六甲ライナー","神戸新交通六甲アイランド線"
553,99650,"紀州鉄道線","紀州鉄道線"
554,99651,"貴志川線","和歌山電鐵貴志川線"
555,99701,"若桜線","若桜鉄道若桜線"
556,99702,"北松江線","一畑電車北松江線"
557,99703,"大社線","一畑電車大社線"
558,99704,"水島本線","水島臨海鉄道水島本線"
559,99705,"井原線","井原鉄道井原線"
560,99706,"東山線","岡山電軌東山本線"
561,99707,"清輝橋線","岡山電軌清輝橋線"
562,99708,"スカイレールみどり坂線","広島短距離交通瀬野線"
563,99709,"アストラムライン","広島高速交通広島新交通1号線"
564,99710,"広電１号線(宇品線)","広電１号線(宇品線)"
565,99711,"広電２号線(宮島線)","広電２号線(宮島線)"
566,99712,"広電３号線","広電３号線"
567,99713,"広電５号線(皆実線)","広電５号線(皆実線)"
568,99714,"広電６号線(江波線)","広電６号線(江波線)"
569,99715,"広電７号線","広電７号線"
570,99716,"広電８号線(横川線)","広電８号線(横川線)"
571,99717,"広電９号線(白島線)","広電９号線(白島線)"
572,99718,"錦川清流線","錦川鉄道錦川清流線"
573,99801,"阿波室戸シーサイドライン","阿佐海岸鉄道阿佐東線"
574,99802,"琴電琴平線","琴電琴平線"
575,99803,"琴電長尾線","琴電長尾線"
576,99804,"琴電志度線","琴電志度線"
577,99805,"伊予鉄道郡中線","伊予鉄道郡中線"
578,99806,"伊予鉄道高浜線","伊予鉄道高浜線"
579,99807,"伊予鉄道横河原線","伊予鉄道横河原線"
580,99808,"伊予鉄道環状線","伊予鉄道１系統"
581,99809,"伊予鉄道環状線","伊予鉄道２系統"
582,99810,"伊予鉄道市駅線","伊予鉄道３系統"
583,99811,"伊予鉄道松山駅前線","伊予鉄道５系統"
584,99812,"伊予鉄道本町線","伊予鉄道６系統"
585,99814,"中村線","土佐くろしお鉄道中村線"
586,99815,"宿毛線","土佐くろしお鉄道宿毛線"
587,99816,"ごめん・なはり線","土佐くろしお鉄道ごめん・なはり線"
588,99817,"ごめん線","土佐電鉄ごめん線"
589,99818,"伊野線","土佐電鉄伊野線"
590,99819,"桟橋線","土佐電鉄桟橋線"
591,99901,"甘木鉄道","甘木鉄道"
592,99902,"伊田線","平成筑豊鉄道伊田線"
593,99903,"糸田線","平成筑豊鉄道糸田線"
594,99904,"田川線","平成筑豊鉄道田川線"
595,99928,"門司港レトロ観光線","平成筑豊鉄道門司港レトロ観光線"
596,99905,"福岡市営地下鉄空港線","福岡市営地下鉄空港線"
597,99906,"福岡市営地下鉄箱崎線","福岡市営地下鉄箱崎線"
598,99907,"福岡市営地下鉄七隈線","福岡市営地下鉄七隈線"
599,99908,"北九州モノレール","北九州高速鉄道"
600,99909,"筑豊電気鉄道線","筑豊電気鉄道線"
601,99910,"西九州線(有田～伊万里)","松浦鉄道西九州線(有田～伊万里)"
602,99911,"西九州線(伊万里～佐世保)","松浦鉄道西九州線(伊万里～佐世保)"
603,99912,"島原鉄道線","島原鉄道線"
604,99913,"長崎電軌１系統","長崎電軌１系統"
605,99914,"長崎電軌３系統","長崎電軌３系統"
606,99915,"長崎電軌４系統","長崎電軌４系統"
607,99916,"長崎電軌５系統","長崎電軌５系統"
608,99917,"熊本電鉄本線","熊本電鉄本線"
609,99918,"熊本電鉄上熊本線","熊本電鉄上熊本線"
610,99919,"高森線","南阿蘇鉄道高森線"
611,99920,"湯前線","くま川鉄道湯前線"
612,99921,"肥薩おれんじ鉄道線","肥薩おれんじ鉄道線"
613,99922,"熊本市電Ａ系統","熊本市電Ａ系統"
614,99923,"熊本市電Ｂ系統","熊本市電Ｂ系統"
615,99925,"鹿児島市電１系統","鹿児島市電１系統"
616,99926,"鹿児島市電２系統","鹿児島市電２系統"
617,99927,"ゆいレール","沖縄都市モノレール線"
